{"accuracy": 0.9582262210796915, "precision": 0.45794392523364486, "recall": 0.875, "f1": 0.6012269938650306, "f2": 0.7401812688821753, "PRAUC": 0.5047013018329148, "AUC": 0.9770952380952381, "best_threshold": 0.9995030164718628}