{"accuracy": 0.9499489274770173, "precision": 0.1694915254237288, "recall": 1.0, "f1": 0.2898550724637681, "f2": 0.5050505050505051, "PRAUC": 0.18811874468246192, "AUC": 0.9746130030959752, "best_threshold": 0.8634457588195801}