{"accuracy": 0.9765807962529274, "precision": 0.5357142857142857, "recall": 0.8823529411764706, "f1": 0.6666666666666666, "f2": 0.78125, "PRAUC": 0.6493663969211212, "AUC": 0.9728642860512289}