{"accuracy": 0.9662921348314607, "precision": 0.5074626865671642, "recall": 1.0, "f1": 0.6732673267326733, "f2": 0.8374384236453202, "PRAUC": 0.940286804298444, "AUC": 0.997323373793962, "best_threshold": 0.9742830395698547}