{"accuracy": 0.9584587597832631, "precision": 0.47863247863247865, "recall": 0.875, "f1": 0.6187845303867403, "f2": 0.7506702412868632, "PRAUC": 0.6427661949122263, "AUC": 0.9832400594865373}