{"accuracy": 0.9164715066354411, "precision": 0.6413793103448275, "recall": 0.9841269841269841, "f1": 0.7766179540709812, "f2": 0.8891013384321224, "PRAUC": 0.8706040746986472, "AUC": 0.9782036746322461, "best_threshold": 0.9999191761016846}