{"accuracy": 0.9149102263856362, "precision": 0.9510869565217391, "recall": 0.6363636363636364, "f1": 0.7625272331154684, "f2": 0.6814641744548287, "PRAUC": 0.719087361486245, "AUC": 0.8270666907645039}