{"accuracy": 0.9612492770387507, "precision": 0.3409090909090909, "recall": 0.7692307692307693, "f1": 0.47244094488188976, "PRAUC": 0.44114954131284323}