{"accuracy": 0.893437688139675, "precision": 0.26556016597510373, "recall": 1.0, "f1": 0.419672131147541, "f2": 0.6438631790744467, "PRAUC": 0.5291637594102401, "AUC": 0.9712742642454604, "best_threshold": 0.9091116786003113}