{"accuracy": 0.990632318501171, "precision": 1.0, "recall": 0.4, "f1": 0.5714285714285714, "f2": 0.45454545454545453, "PRAUC": 0.6939329249984988, "AUC": 0.8496431403647898}