{"accuracy": 0.9765066394279878, "precision": 0.5714285714285714, "recall": 0.46153846153846156, "f1": 0.5106382978723404, "f2": 0.48, "PRAUC": 0.4076215276975357, "AUC": 0.6521107434014044}