{"accuracy": 0.9890745501285347, "precision": 0.8738738738738738, "recall": 0.97, "f1": 0.919431279620853, "f2": 0.949119373776908, "PRAUC": 0.9343867013385561, "AUC": 0.9965247252747252, "best_threshold": 0.9999628067016602}