{"accuracy": 0.992849846782431, "precision": 0.8518518518518519, "recall": 0.8846153846153846, "f1": 0.8679245283018868, "f2": 0.8778625954198473, "PRAUC": 0.896062611484735, "AUC": 0.9766728549519735, "best_threshold": 0.997979462146759}