{"accuracy": 0.9674363528715216, "precision": 0.4153846153846154, "recall": 0.6136363636363636, "f1": 0.4954128440366973, "PRAUC": 0.4989132929702417, "best_threshold": 0.99410480260849}