{"accuracy": 0.9595115681233933, "precision": 0.1864406779661017, "recall": 0.4230769230769231, "f1": 0.25882352941176473, "f2": 0.3374233128834356, "PRAUC": 0.1643574015378302, "AUC": 0.9295374560080443, "best_threshold": 0.9999470710754395}