{"accuracy": 0.9646150546858245, "precision": 0.5454545454545454, "recall": 0.8167539267015707, "f1": 0.6540880503144654, "PRAUC": 0.5825933464071726, "eval_set": 802, "test_set": 4663, "best_threshold": 0.9974530339241028}