{"accuracy": 0.9718969555035128, "precision": 0.425, "recall": 0.5666666666666667, "f1": 0.4857142857142857, "f2": 0.53125, "PRAUC": 0.3657180610008738, "AUC": 0.9589661604050094}