{"accuracy": 0.9009193054136875, "precision": 0.4303030303030303, "recall": 0.9594594594594594, "f1": 0.5941422594142259, "f2": 0.7700650759219089, "PRAUC": 0.7243183561364523, "AUC": 0.9751381215469613, "best_threshold": 0.9981743097305298}