{"accuracy": 0.9729787690328114, "precision": 0.6089108910891089, "recall": 0.7235294117647059, "f1": 0.6612903225806451, "PRAUC": 0.5867022386298745, "eval_set": 802, "test_set": 4663, "best_threshold": 0.9980841875076294}