{"accuracy": 0.8549066827212523, "precision": 0.044, "recall": 0.8461538461538461, "f1": 0.08365019011406843, "f2": 0.18211920529801323, "PRAUC": 0.05858544443160702, "AUC": 0.8637275952203136}