{"accuracy": 0.9734582357533177, "precision": 0.0, "recall": 0.0, "f1": 0.0, "f2": 0.0, "PRAUC": 0.02654176424668228, "AUC": 0.5}