{"accuracy": 0.960967993754879, "precision": 0.0, "recall": 0.0, "f1": 0.0, "f2": 0.0, "PRAUC": 0.039032006245121, "AUC": 0.5}