{"accuracy": 0.993637941006362, "precision": 0.90625, "recall": 0.9775280898876404, "f1": 0.9405405405405406, "PRAUC": 0.9672937368493538}