{"accuracy": 0.9871216999356085, "precision": 0.7758620689655172, "recall": 0.8653846153846154, "f1": 0.8181818181818182, "PRAUC": 0.864357660586914, "best_threshold": 0.9891726970672607}