{"accuracy": 0.9508196721311475, "precision": 0.2608695652173913, "recall": 0.6, "f1": 0.36363636363636365, "f2": 0.47619047619047616, "PRAUC": 0.23507281901099022, "AUC": 0.8660005329070077}