{"accuracy": 0.9195940671350508, "precision": 0.18803418803418803, "recall": 0.7333333333333333, "f1": 0.29931972789115646, "f2": 0.4641350210970464, "PRAUC": 0.23710215396552994, "AUC": 0.8672395416999735}