{"accuracy": 0.8813427010148321, "precision": 0.0759493670886076, "recall": 0.6666666666666666, "f1": 0.13636363636363635, "f2": 0.2608695652173913, "PRAUC": 0.3435853370570608, "AUC": 0.809910266561098}