{"accuracy": 0.9750195160031225, "precision": 0.28125, "recall": 0.5, "f1": 0.36, "f2": 0.4326923076923077, "PRAUC": 0.37192137094343525, "AUC": 0.8735374329198557}