{"accuracy": 0.9909692956050572, "precision": 1.0, "recall": 0.7761194029850746, "f1": 0.8739495798319328, "f2": 0.8125, "PRAUC": 1.0000000000000002, "AUC": 1.0}