{"accuracy": 0.9882903981264637, "precision": 0.6190476190476191, "recall": 0.65, "f1": 0.6341463414634146, "f2": 0.6435643564356436, "PRAUC": 0.5877236358844383, "AUC": 0.9871134020618556}