{"accuracy": 0.970335675253708, "precision": 0.2916666666666667, "recall": 0.7777777777777778, "f1": 0.42424242424242425, "f2": 0.5833333333333334, "PRAUC": 0.4613169192604217, "AUC": 0.9777425881938947}