{"accuracy": 0.945054945054945, "precision": 0.1956521739130435, "recall": 0.46153846153846156, "f1": 0.2748091603053435, "PRAUC": 0.2369418677509363, "eval_set": 136, "test_set": 1729, "best_threshold": 0.995821475982666}