{"accuracy": 0.9775280898876404, "precision": 0.71875, "recall": 0.92, "f1": 0.8070175438596491, "f2": 0.8712121212121212, "PRAUC": 0.8904290172188742, "AUC": 0.9809149623250808}