{"accuracy": 0.9806825499034127, "precision": 0.4594594594594595, "recall": 0.6296296296296297, "f1": 0.53125, "PRAUC": 0.3524175991672414, "best_threshold": 0.691326916217804}