{"accuracy": 0.9686935580975317, "precision": 0.5131578947368421, "recall": 0.7222222222222222, "f1": 0.6, "f2": 0.6678082191780822, "PRAUC": 0.6212169648301191, "AUC": 0.9681370854364009, "best_threshold": 0.9999939203262329}