{"accuracy": 0.8651414810355208, "precision": 0.5211267605633803, "recall": 0.9173553719008265, "f1": 0.6646706586826348, "f2": 0.7962697274031564, "PRAUC": 0.5094336883612052, "AUC": 0.9019650667738309, "best_threshold": 0.9999997615814209}