{"accuracy": 0.9917110716400237, "precision": 0.8360655737704918, "recall": 0.9272727272727272, "f1": 0.8793103448275862, "PRAUC": 0.9147711374199287, "best_threshold": 0.9891170859336853}