{"accuracy": 0.9650812763395545, "precision": 0.5517241379310345, "recall": 0.7164179104477612, "f1": 0.6233766233766234, "f2": 0.676056338028169, "PRAUC": 0.6600976859816171, "AUC": 0.9739601865203469, "best_threshold": 0.9999926090240479}