{"accuracy": 0.8776561493882807, "precision": 0.5989583333333334, "recall": 0.8646616541353384, "f1": 0.7076923076923077, "PRAUC": 0.7303494606601281, "best_threshold": 0.9999676942825317}