{"accuracy": 0.8784473953013279, "precision": 0.7508305647840532, "recall": 0.837037037037037, "f1": 0.7915936952714536, "f2": 0.8182476466328747, "PRAUC": 0.7814944181926223, "AUC": 0.9022802068641279, "best_threshold": 0.9999929666519165}