{"accuracy": 0.9804839968774395, "precision": 0.59375, "recall": 0.6129032258064516, "f1": 0.6031746031746031, "f2": 0.6089743589743589, "PRAUC": 0.5767333603309054, "AUC": 0.7678838709677419}