{"accuracy": 0.9789227166276346, "precision": 0.8211382113821138, "recall": 0.9528301886792453, "f1": 0.8820960698689956, "f2": 0.923217550274223, "PRAUC": 0.8090844583128434, "AUC": 0.9847129666800483}