{"accuracy": 0.9852550869949868, "precision": 0.868421052631579, "recall": 0.9390243902439024, "f1": 0.90234375, "PRAUC": 0.9345694279824333, "best_threshold": 0.999950647354126}