{"accuracy": 0.9937548790007806, "precision": 1.0, "recall": 0.8688524590163934, "f1": 0.9298245614035088, "f2": 0.8922558922558923, "PRAUC": 1.0, "AUC": 1.0}