{"accuracy": 0.9274770173646578, "precision": 0.12345679012345678, "recall": 1.0, "f1": 0.21978021978021978, "f2": 0.4132231404958678, "PRAUC": 0.5473134286540083, "AUC": 0.9786377708978328}