{"accuracy": 0.9543701799485861, "precision": 0.0, "recall": 0.0, "f1": 0.0, "f2": 0.0, "PRAUC": 0.04562982005141388, "AUC": 0.5}