{"accuracy": 0.9673135852911133, "precision": 0.6666666666666666, "recall": 0.8771929824561403, "f1": 0.7575757575757576, "f2": 0.8250825082508251, "PRAUC": 0.7919486018371367, "AUC": 0.9624386345473227}