{"accuracy": 0.9888235294117647, "precision": 0.819672131147541, "recall": 0.8620689655172413, "f1": 0.8403361344537815, "PRAUC": 0.8588924564030277, "best_threshold": 0.929423987865448}