{"accuracy": 0.9785495403472931, "precision": 0.6181818181818182, "recall": 1.0, "f1": 0.7640449438202247, "f2": 0.8900523560209425, "PRAUC": 0.9440394390761723, "AUC": 0.9977591036414566}