text,CIR_PUNISHMENT,GENERAL_CIRCUM,CIRCUM_OFFENSE,reject,CIR_TYPE,CIR_AMOUNT,CIR_ROLE,CIR_EQ,REGRET,RESPO,CONFESSION
ביום 25/6/13 נגזר דינו של הנאשם ובין היתר נגזרו על הנאשם שישה חודשי פסילה על תנאי מלקבל ולהחזיק רישיון נהיגה.,0.99487925,3.0261748e-05,1.7392842e-05,9.537312e-06,0.0005142684,0.001024091,0.00047258183,0.0013063052,0.0137712015,9.833186e-05,0.023027724
בשל טעות קולמוס נשמטה מגזר הדין תקופת התנאי.,0.0001676788,3.176321e-05,2.8388564e-05,0.999982,0.0005179437,0.0010151863,0.0008154293,0.04425085,0.049223114,0.00016345832,0.0001742633
"ב""כ הנאשם מסר כי אין התנגדות להוספת תקופת התנאי בגזר הדין ועל כן גזר הדין יתוקן כדלקמן בכל הנוגע לרכיב זה של העונש:",0.00010230581,3.135257e-05,2.0259284e-05,0.9999871,0.00046334916,0.0008792136,0.00037122014,0.0011708586,0.022167554,0.000111723806,0.003525664
החלטה זו מהווה חלק בלתי נפרד מגזר הדין.,0.00016716523,3.0934367e-05,1.9850982e-05,0.99998677,0.00038327882,0.0011981011,0.000535125,0.007406049,0.01370296,0.00013870912,0.00022927005
54678313ההחלטה תועבר אל הצדדים.,0.23918976,3.060438e-05,2.43886e-05,0.99998724,0.0005517369,0.0012625831,0.00067291176,0.060184304,0.008232123,9.8652876e-05,0.00024832782
"ניתנה היום, כ""ח אב תשע""ג, 04 אוגוסט 2013, בהעדר הצדדים.",0.99973303,3.1768028e-05,3.24606e-05,0.9999871,0.00057357235,0.0016665085,0.0007968343,0.12227903,0.016984865,0.00028902554,0.011614626
