{"accuracy": 0.9853777416734363, "precision": 0.6666666666666666, "recall": 0.56, "f1": 0.6086956521739131, "PRAUC": 0.6762662371397282, "best_threshold": 0.9301339983940125}