{"accuracy": 0.8899297423887588, "precision": 0.577922077922078, "recall": 0.9417989417989417, "f1": 0.716297786720322, "f2": 0.8364661654135338, "PRAUC": 0.6493148192106916, "AUC": 0.9320793844603369}