{"accuracy": 0.9937548790007806, "precision": 0.8840579710144928, "recall": 1.0, "f1": 0.9384615384615385, "f2": 0.9744408945686901, "PRAUC": 0.9800592002554722, "AUC": 0.9990190808922332, "best_threshold": 0.9989872574806213}