{"accuracy": 0.9804839968774395, "precision": 0.6046511627906976, "recall": 0.7647058823529411, "f1": 0.6753246753246753, "f2": 0.7262569832402235, "PRAUC": 0.6797582058083939, "AUC": 0.9689961790650503, "best_threshold": 0.9999499320983887}