{"accuracy": 0.9570990806945863, "precision": 0.18, "recall": 0.9, "f1": 0.3, "f2": 0.5, "PRAUC": 0.599481186392267, "AUC": 0.9678018575851393, "best_threshold": 0.65465247631073}