{"accuracy": 0.9642492339121552, "precision": 0.20930232558139536, "recall": 0.9, "f1": 0.33962264150943394, "f2": 0.5421686746987951, "PRAUC": 0.5617480451086254, "AUC": 0.9629514963880289, "best_threshold": 0.938062846660614}