{"accuracy": 0.9182839632277835, "precision": 0.10227272727272728, "recall": 0.9, "f1": 0.1836734693877551, "f2": 0.3515625, "PRAUC": 0.6359576044355224, "AUC": 0.9550051599587203, "best_threshold": 0.6345691084861755}