{"accuracy": 0.9859484777517564, "precision": 1.0, "recall": 0.6170212765957447, "f1": 0.7631578947368421, "f2": 0.6682027649769585, "PRAUC": 0.8770242662813296, "AUC": 0.9361702127659575}