{"accuracy": 0.9753086419753086, "precision": 0.7441860465116279, "recall": 0.5818181818181818, "f1": 0.6530612244897959, "f2": 0.6083650190114068, "PRAUC": 0.6519950875601077, "AUC": 0.9677829734561959, "best_threshold": 0.99998939037323}