{"accuracy": 0.954846478025286, "precision": 0.44660194174757284, "recall": 0.71875, "f1": 0.5508982035928144, "f2": 0.6406685236768802, "PRAUC": 0.5702039683038959, "AUC": 0.9724385566687539}