{"accuracy": 0.9610073111291633, "precision": 0.3076923076923077, "recall": 0.36363636363636365, "f1": 0.3333333333333333, "PRAUC": 0.2553664869307902, "best_threshold": 0.9989950060844421}