{"accuracy": 0.9494280553883203, "precision": 0.1717171717171717, "recall": 0.8947368421052632, "f1": 0.288135593220339, "f2": 0.4857142857142857, "PRAUC": 0.5919601724085384, "AUC": 0.9377203666901724, "best_threshold": 0.37047550082206726}