{"accuracy": 0.9695550351288056, "precision": 1.0, "recall": 0.7936507936507936, "f1": 0.8849557522123894, "f2": 0.8278145695364238, "PRAUC": 0.9231107152853877, "AUC": 0.9548278000658953}