{"accuracy": 0.9358010410641989, "precision": 0.7169811320754716, "recall": 0.8407079646017699, "f1": 0.7739307535641547, "PRAUC": 0.7375468262778823, "eval_set": 136, "test_set": 1729, "best_threshold": 0.9999912977218628}