{"accuracy": 0.9884095299420477, "precision": 0.8148148148148148, "recall": 0.8461538461538461, "f1": 0.8301886792452831, "PRAUC": 0.8838907351445474, "best_threshold": 0.9989859461784363}