{"accuracy": 0.8974358974358975, "precision": 0.23300970873786409, "recall": 0.96, "f1": 0.375, "f2": 0.5911330049261084, "PRAUC": 0.47918446440252543, "AUC": 0.9437880794701986, "best_threshold": 0.501542329788208}