{"accuracy": 0.981118373275236, "precision": 1.0, "recall": 0.5272727272727272, "f1": 0.6904761904761905, "f2": 0.5823293172690763, "PRAUC": 1.0, "AUC": 1.0}