{"accuracy": 0.8478038815117467, "precision": 0.851138353765324, "recall": 0.8836363636363637, "f1": 0.8670829616413916, "f2": 0.8769397329483941, "PRAUC": 0.8838754517169768, "AUC": 0.8874825174825176, "best_threshold": 6.956734523555497e-06}