{"accuracy": 0.9664324746291959, "precision": 0.5411764705882353, "recall": 0.92, "f1": 0.6814814814814815, "f2": 0.8070175438596491, "PRAUC": 0.6671884041595402, "AUC": 0.9858651502843218}