{"accuracy": 0.9492583918813428, "precision": 0.4336283185840708, "recall": 0.98, "f1": 0.6012269938650306, "f2": 0.7827476038338658, "PRAUC": 0.6643555977214344, "AUC": 0.9854752233956133}