{"accuracy": 0.9855407750144592, "precision": 0.5405405405405406, "recall": 0.7142857142857143, "f1": 0.6153846153846154, "PRAUC": 0.6048504914212197, "eval_set": 136, "test_set": 1729, "best_threshold": 0.9994081258773804}