{"accuracy": 0.9295570079883806, "precision": 0.3541666666666667, "recall": 0.9272727272727272, "f1": 0.5125628140703518, "f2": 0.7005494505494505, "PRAUC": 0.5970190785883369, "AUC": 0.9775202860679412}