{"accuracy": 0.942232630757221, "precision": 0.2441860465116279, "recall": 0.7, "f1": 0.3620689655172414, "f2": 0.5097087378640777, "PRAUC": 0.23743444825043303, "AUC": 0.9241939781508127}