{"accuracy": 0.9984387197501952, "precision": 1.0, "recall": 0.9354838709677419, "f1": 0.9666666666666667, "f2": 0.9477124183006536, "PRAUC": 0.9685225756087732, "AUC": 0.9838709677419355}