{"accuracy": 0.9692956050571945, "precision": 0.23076923076923078, "recall": 0.5217391304347826, "f1": 0.32, "f2": 0.4166666666666667, "PRAUC": 0.18589793419366427, "AUC": 0.9534028773159208, "best_threshold": 1.0}