{"accuracy": 0.960967993754879, "precision": 0.4, "recall": 0.9411764705882353, "f1": 0.5614035087719298, "f2": 0.7407407407407407, "PRAUC": 0.7257791096060641, "AUC": 0.9864144535119581}