{"accuracy": 0.9726775956284153, "precision": 0.625, "recall": 0.7142857142857143, "f1": 0.6666666666666666, "f2": 0.6944444444444444, "PRAUC": 0.6670195851949003, "AUC": 0.9825072886297377}