{"accuracy": 0.7150663544106167, "precision": 0.04960835509138381, "recall": 0.95, "f1": 0.09429280397022333, "f2": 0.20518358531317496, "PRAUC": 0.0755268979331474, "AUC": 0.8662172878667724, "best_threshold": 0.3819318115711212}