{"accuracy": 0.9729078868151716, "precision": 0.5567010309278351, "recall": 0.9642857142857143, "f1": 0.7058823529411765, "f2": 0.8411214953271028, "PRAUC": 0.7999881857720876, "AUC": 0.9862483311081441, "best_threshold": 0.9646046161651611}