{"accuracy": 0.9856028794241152, "precision": 0.0, "recall": 0.0, "f1": 0.0, "PRAUC": 0.25304782733062253}