{"accuracy": 0.9816138917262512, "precision": 0.6538461538461539, "recall": 1.0, "f1": 0.7906976744186046, "f2": 0.9042553191489362, "PRAUC": 0.9697243984160387, "AUC": 0.9986305633364457, "best_threshold": 0.7625402808189392}