{"accuracy": 0.9775280898876404, "precision": 0.6111111111111112, "recall": 0.9705882352941176, "f1": 0.75, "f2": 0.868421052631579, "PRAUC": 0.9456761395610843, "AUC": 0.9968565203859321, "best_threshold": 0.9976558685302734}