{"accuracy": 0.9843871975019516, "precision": 0.7894736842105263, "recall": 0.4838709677419355, "f1": 0.6, "f2": 0.5244755244755245, "PRAUC": 0.5445758615720724, "AUC": 0.7566451612903224}