{"accuracy": 0.8383428107229894, "precision": 0.521865889212828, "recall": 0.8364485981308412, "f1": 0.6427289048473968, "PRAUC": 0.48866620214870615, "best_threshold": 0.9999833106994629}