{"accuracy": 0.9929169349645847, "precision": 0.9074074074074074, "recall": 0.8909090909090909, "f1": 0.8990825688073395, "PRAUC": 0.926198330868838, "best_threshold": 0.9653475880622864}