text,CIR_PUNISHMENT,GENERAL_CIRCUM,CIRCUM_OFFENSE,reject,CIR_TYPE,CIR_AMOUNT,CIR_ROLE,CIR_EQ,REGRET,RESPO,CONFESSION
איימן אבו זבארק (עציר),9.488911e-05,3.0679166e-05,2.027463e-05,0.99998736,0.000347788,0.00083222333,0.00043935308,0.14295004,0.01210607,0.00015919155,0.000260569
"פקודת הסמים המסוכנים [נוסח חדש], תשל""ג-1973",9.998875e-05,2.9010977e-05,1.9999883e-05,0.99998724,0.00038593775,0.00072555244,0.00039567138,0.032319233,0.044468604,0.00012570497,0.000780725
"נוכח הודעתם המשותפת של הצדדים, הרי שגזר הדין מיום 19.10.20 יתוקן באופן שיתווסף לו הרכיב העונשי הבא:",0.00012169729,2.9909714e-05,2.0774609e-05,0.99998665,0.0005165391,0.0008883744,0.00053893257,0.0032137213,0.013291817,0.00013308556,0.0008080516
"6 חודשי פסילה מלהחזיק ברישיון נהיגה אשר לא ירוצו, אלא אם יעבור הנאשם על כל עבירה לפי פקודת הסמים המסוכנים, וזאת תוך שנתיים מיום שחרורו ממאסרו.",0.9999639,3.0397518e-05,2.2702297e-05,8.921572e-06,0.00051723997,0.0009312951,0.00031358987,0.0014116426,0.0087193595,0.00013089718,0.5805163
"כמו כן, יוכרז הנאשם כסוחר סמים.",0.00034672525,0.9999951,5.698166e-05,3.1050527e-05,0.0007699864,0.0009902767,0.025909577,0.0016761951,0.009594388,0.000114641996,0.00044150726
"ב""כ הנאשם תודיע עד ליום 1.11.20 כי הנאשם אכן מודע לתוספת עונשית זאת, שאם לא כן – ייקבע דיון נוסף.",0.00020602625,3.0562212e-05,2.3640878e-05,0.99998736,0.00064750103,0.0009080821,0.0006153258,0.012622037,0.012039399,0.00024205136,0.0077741193
מזכירות- נא להודיע.,0.24459127,3.403351e-05,3.611957e-05,0.99998784,0.00073782745,0.0017752808,0.00065857224,0.5066496,0.024108484,0.0002653067,0.00038561338
"54678313ניתן היום,  ב' חשוון תשפ""א, 20 אוקטובר 2020, בהעדר הצדדים.",0.99858356,3.0454128e-05,2.8609358e-05,0.9999871,0.0007566784,0.0013108249,0.0007054278,0.17377748,0.020783564,0.0002212216,0.006836884
