{"accuracy": 0.9658762290341237, "precision": 0.7357142857142858, "recall": 0.824, "f1": 0.7773584905660378, "PRAUC": 0.8646894580431874}