{"accuracy": 0.9650812763395545, "precision": 0.7368421052631579, "recall": 0.208955223880597, "f1": 0.32558139534883723, "f2": 0.24390243902439024, "PRAUC": 0.649348631636199, "AUC": 0.9637165489990449}