{"accuracy": 0.982635342185904, "precision": 0.8367346938775511, "recall": 0.82, "f1": 0.8282828282828283, "f2": 0.8232931726907631, "PRAUC": 0.8335936011002792, "AUC": 0.9916899892357374, "best_threshold": 0.9994478821754456}