{"accuracy": 0.9642492339121552, "precision": 0.5949367088607594, "recall": 0.94, "f1": 0.7286821705426356, "f2": 0.8422939068100358, "PRAUC": 0.822456386707808, "AUC": 0.9609041980624327}