{"accuracy": 0.9875097580015613, "precision": 0.875, "recall": 0.9905660377358491, "f1": 0.9292035398230089, "f2": 0.9650735294117647, "PRAUC": 0.9223947474699206, "AUC": 0.9911200321156162, "best_threshold": 0.999868631362915}