{"accuracy": 0.9614689945815773, "precision": 0.0, "recall": 0.0, "f1": 0.0, "f2": 0.0, "PRAUC": 0.03853100541842264, "AUC": 0.5}