{"accuracy": 0.9692956050571945, "precision": 0.6025641025641025, "recall": 0.7014925373134329, "f1": 0.6482758620689655, "f2": 0.6791907514450867, "PRAUC": 0.650045299411407, "AUC": 0.9737354632109215, "best_threshold": 0.9999963045120239}