{"accuracy": 0.9570647931303669, "precision": 0.660377358490566, "recall": 0.9905660377358491, "f1": 0.7924528301886793, "f2": 0.9005145797598628, "PRAUC": 0.8253493377817331, "AUC": 0.9888759534323565, "best_threshold": 0.9978919625282288}