{"accuracy": 0.9601873536299765, "precision": 0.6797385620915033, "recall": 0.9811320754716981, "f1": 0.803088803088803, "f2": 0.901213171577123, "PRAUC": 0.8090844583128434, "AUC": 0.9847129666800483, "best_threshold": 0.999997615814209}