{"accuracy": 0.9277543648404576, "precision": 0.7103448275862069, "recall": 0.8512396694214877, "f1": 0.7744360902255639, "f2": 0.8187599364069952, "PRAUC": 0.8292464106044529, "AUC": 0.9577909597609771, "best_threshold": 0.9997740387916565}