{"accuracy": 0.9181216134858519, "precision": 0.6625766871165644, "recall": 0.8925619834710744, "f1": 0.7605633802816901, "f2": 0.8346213292117465, "PRAUC": 0.7987545700554227, "AUC": 0.9593532868566502, "best_threshold": 0.0011183565948158503}