{"accuracy": 0.8600612870275791, "precision": 0.8903591682419659, "recall": 0.8563636363636363, "f1": 0.8730305838739574, "f2": 0.862953462806889, "PRAUC": 0.8979308594940213, "AUC": 0.8864335664335664, "best_threshold": 0.9968361854553223}