{"accuracy": 0.9765201685731487, "precision": 0.6363636363636364, "recall": 0.6481481481481481, "f1": 0.6422018348623854, "f2": 0.6457564575645757, "PRAUC": 0.5806077628661082, "AUC": 0.9571780866118141, "best_threshold": 0.9999984502792358}