{"accuracy": 0.9814921920185078, "precision": 0.7058823529411765, "recall": 0.8, "f1": 0.75, "PRAUC": 0.7384042333032269}