{"accuracy": 0.9644792293798916, "precision": 0.7325581395348837, "recall": 0.9064748201438849, "f1": 0.8102893890675241, "f2": 0.8653846153846154, "PRAUC": 0.8590863463551454, "AUC": 0.9551281445277419}