{"accuracy": 0.9664545980335454, "precision": 0.7248322147651006, "recall": 0.864, "f1": 0.7883211678832117, "PRAUC": 0.7487422048072175, "eval_set": 136, "test_set": 1729, "best_threshold": 0.9999974966049194}