{"accuracy": 0.9416014449127031, "precision": 0.3333333333333333, "recall": 0.7962962962962963, "f1": 0.46994535519125685, "f2": 0.6231884057971014, "PRAUC": 0.5678989894844827, "AUC": 0.9725621701352878}