{"accuracy": 0.9284984678243106, "precision": 0.30612244897959184, "recall": 0.9375, "f1": 0.46153846153846156, "f2": 0.6637168141592921, "PRAUC": 0.5940443136220486, "AUC": 0.971917898627244, "best_threshold": 0.996726393699646}