{"accuracy": 0.9762210796915167, "precision": 0.5714285714285714, "recall": 0.47619047619047616, "f1": 0.5194805194805194, "f2": 0.49261083743842365, "PRAUC": 0.5040284917434634, "AUC": 0.9212430018242435}