{"accuracy": 0.9325842696629213, "precision": 0.3118279569892473, "recall": 0.9354838709677419, "f1": 0.46774193548387094, "f2": 0.6682027649769585, "PRAUC": 0.6339521586471613, "AUC": 0.9724717571798013, "best_threshold": 0.9572936296463013}