{"accuracy": 0.9783263094521373, "precision": 1.0, "recall": 0.8512396694214877, "f1": 0.9196428571428571, "f2": 0.8773424190800682, "PRAUC": 0.9999999999999999, "AUC": 1.0}