{"accuracy": 0.8428314337132573, "precision": 0.864406779661017, "recall": 0.8980537534754403, "f1": 0.8809090909090909, "PRAUC": 0.9051653044891415, "eval_set": 234, "test_set": 1667, "best_threshold": 1.7866439520730637e-05}