{"accuracy": 0.9908069458631257, "precision": 0.7804878048780488, "recall": 1.0, "f1": 0.8767123287671232, "f2": 0.9467455621301775, "PRAUC": 0.8938438020062907, "AUC": 0.9971620908130939, "best_threshold": 0.9887370467185974}