{"accuracy": 0.9879590608067429, "precision": 0.7956989247311828, "recall": 0.9866666666666667, "f1": 0.8809523809523809, "f2": 0.9414758269720102, "PRAUC": 0.9146286237074877, "AUC": 0.9962883564522909, "best_threshold": 0.991083025932312}