{"accuracy": 0.9877892030848329, "precision": 0.7115384615384616, "recall": 0.9024390243902439, "f1": 0.7956989247311828, "f2": 0.8564814814814815, "PRAUC": 0.6893058173789467, "AUC": 0.9936005795701522, "best_threshold": 0.9999704360961914}