{"accuracy": 0.8488253319713994, "precision": 0.0759493670886076, "recall": 0.8571428571428571, "f1": 0.13953488372093023, "f2": 0.2803738317757009, "PRAUC": 0.15324240387080199, "AUC": 0.9162842339008141, "best_threshold": 0.1390194594860077}