{"accuracy": 0.940793368857312, "precision": 0.2689075630252101, "recall": 0.7111111111111111, "f1": 0.3902439024390244, "PRAUC": 0.3744327356965989, "best_threshold": 0.8590191602706909}