{"accuracy": 0.7220921155347385, "precision": 0.05319148936170213, "recall": 1.0, "f1": 0.10101010101010101, "f2": 0.21929824561403508, "PRAUC": 0.07327432967193319, "AUC": 0.8802141157811261, "best_threshold": 0.4365139901638031}