{"accuracy": 0.8866189989785496, "precision": 0.08264462809917356, "recall": 1.0, "f1": 0.15267175572519084, "f2": 0.3105590062111801, "PRAUC": 0.5142910691844356, "AUC": 0.968421052631579, "best_threshold": 0.7598214149475098}