{"accuracy": 0.9896973599484868, "precision": 0.8292682926829268, "recall": 0.9714285714285714, "f1": 0.8947368421052632, "PRAUC": 0.8996279972675747, "best_threshold": 0.9984754920005798}