{"accuracy": 0.9953161592505855, "precision": 1.0, "recall": 0.88, "f1": 0.9361702127659575, "f2": 0.9016393442622951, "PRAUC": 0.9231225604996098, "AUC": 0.96}