{"accuracy": 0.9921935987509758, "precision": 1.0, "recall": 0.8, "f1": 0.8888888888888888, "f2": 0.8333333333333334, "PRAUC": 0.9231225604996098, "AUC": 0.96}