{"accuracy": 0.9560776302349336, "precision": 0.4117647058823529, "recall": 0.9032258064516129, "f1": 0.5656565656565656, "f2": 0.7291666666666666, "PRAUC": 0.5278400098940684, "AUC": 0.9571253572886893, "best_threshold": 0.9997103810310364}