{"accuracy": 0.9872758820127241, "precision": 0.5833333333333334, "recall": 0.75, "f1": 0.65625, "PRAUC": 0.6124244953854929}