{"accuracy": 0.9264555669050051, "precision": 0.44, "recall": 0.9649122807017544, "f1": 0.6043956043956044, "f2": 0.7790368271954674, "PRAUC": 0.8558888336548038, "AUC": 0.9710868820641626, "best_threshold": 0.9955722093582153}