{"accuracy": 0.9703779366700716, "precision": 0.6842105263157895, "recall": 0.9122807017543859, "f1": 0.7819548872180451, "f2": 0.8552631578947368, "PRAUC": 0.7596194705015641, "AUC": 0.96817559082087, "best_threshold": 0.9999154806137085}