{"accuracy": 0.9440096327513546, "precision": 0.4144736842105263, "recall": 0.9402985074626866, "f1": 0.5753424657534246, "f2": 0.75, "PRAUC": 0.6558916178026968, "AUC": 0.9773076274836607, "best_threshold": 0.9917205572128296}