{"accuracy": 0.9182839632277835, "precision": 0.2777777777777778, "recall": 0.9375, "f1": 0.42857142857142855, "f2": 0.635593220338983, "PRAUC": 0.5384923124681599, "AUC": 0.9638991552270327, "best_threshold": 0.9739316701889038}