{"accuracy": 0.8488253319713994, "precision": 0.8736059479553904, "recall": 0.8545454545454545, "f1": 0.8639705882352942, "f2": 0.8582907231555881, "PRAUC": 0.8724027994358234, "AUC": 0.8512375503284594, "best_threshold": 2.956801381515106e-06}