{"accuracy": 0.9909692956050572, "precision": 1.0, "recall": 0.8920863309352518, "f1": 0.9429657794676806, "f2": 0.9117647058823529, "PRAUC": 0.9999999999999999, "AUC": 1.0}