{"accuracy": 0.9662853702588802, "precision": 0.5909090909090909, "recall": 0.40625, "f1": 0.48148148148148145, "f2": 0.43333333333333335, "PRAUC": 0.5951457715833176, "AUC": 0.9769783187226049}