{"accuracy": 0.9742388758782201, "precision": 0.6666666666666666, "recall": 0.6530612244897959, "f1": 0.6597938144329897, "f2": 0.6557377049180327, "PRAUC": 0.6963387231957751, "AUC": 0.9203882851842035}