{"accuracy": 0.9914129586260734, "precision": 0.7058823529411765, "recall": 0.6666666666666666, "f1": 0.6857142857142857, "f2": 0.6741573033707865, "PRAUC": 0.6709030615889344, "AUC": 0.8698865135919768}