{"accuracy": 0.9856028794241152, "precision": 0.7073170731707317, "recall": 0.7073170731707317, "f1": 0.7073170731707317, "PRAUC": 0.6696577965473862, "eval_set": 234, "test_set": 1667, "best_threshold": 0.9812844395637512}