{"accuracy": 0.95097037793667, "precision": 0.373134328358209, "recall": 0.8064516129032258, "f1": 0.5102040816326531, "f2": 0.6544502617801047, "PRAUC": 0.47036227569773825, "AUC": 0.9643732135565537}