{"accuracy": 0.8844652615144418, "precision": 0.2356020942408377, "recall": 0.9574468085106383, "f1": 0.37815126050420167, "f2": 0.5936675461741425, "PRAUC": 0.5756090791974187, "AUC": 0.9638780647608538, "best_threshold": 0.99289870262146}