{"accuracy": 0.9575835475578406, "precision": 0.4528301886792453, "recall": 0.8571428571428571, "f1": 0.5925925925925926, "f2": 0.7272727272727273, "PRAUC": 0.49399934875678, "AUC": 0.9666547619047619}