{"accuracy": 0.9976580796252927, "precision": 1.0, "recall": 0.9716981132075472, "f1": 0.9856459330143541, "f2": 0.9772296015180265, "PRAUC": 0.9913466778607515, "AUC": 0.9952830188679245}