{"accuracy": 0.6908665105386417, "precision": 0.043478260869565216, "recall": 1.0, "f1": 0.08333333333333333, "f2": 0.18518518518518517, "PRAUC": 0.3709002207428604, "AUC": 0.9264537696841735, "best_threshold": 0.28888097405433655}