{"accuracy": 0.9891631547260686, "precision": 0.6666666666666666, "recall": 0.10526315789473684, "f1": 0.18181818181818182, "f2": 0.12658227848101267, "PRAUC": 0.10120314074271007, "AUC": 0.49743573305981154}