{"accuracy": 0.975800156128025, "precision": 1.0, "recall": 0.8359788359788359, "f1": 0.9106628242074928, "f2": 0.8643326039387309, "PRAUC": 0.9231107152853877, "AUC": 0.9548278000658953}