{"accuracy": 0.9000780640124902, "precision": 0.27167630057803466, "recall": 0.9591836734693877, "f1": 0.42342342342342343, "f2": 0.6368563685636857, "PRAUC": 0.3701672479121881, "AUC": 0.961072091174132}