{"accuracy": 0.9359875097580016, "precision": 0.358974358974359, "recall": 0.8571428571428571, "f1": 0.5060240963855421, "f2": 0.670926517571885, "PRAUC": 0.36850899380879953, "AUC": 0.9606745295520807}