{"accuracy": 0.9843871975019516, "precision": 1.0, "recall": 0.6, "f1": 0.75, "f2": 0.6521739130434783, "PRAUC": 0.9231225604996098, "AUC": 0.96}