{"accuracy": 0.909692956050572, "precision": 0.6932773109243697, "recall": 0.6818181818181818, "f1": 0.6875, "f2": 0.6840796019900498, "PRAUC": 0.7439774870221011, "AUC": 0.9095481045317679, "best_threshold": 0.999764621257782}