{"accuracy": 0.985167837626854, "precision": 0.48, "recall": 0.6666666666666666, "f1": 0.5581395348837209, "f2": 0.6185567010309279, "PRAUC": 0.4613169192604217, "AUC": 0.9777425881938947}