{"accuracy": 0.9531615925058547, "precision": 0.5041322314049587, "recall": 1.0, "f1": 0.6703296703296703, "f2": 0.8356164383561644, "PRAUC": 0.9302664045985878, "AUC": 0.9964660037624296, "best_threshold": 0.9901819825172424}