{"accuracy": 0.9687726942628904, "precision": 0.6304347826086957, "recall": 0.5272727272727272, "f1": 0.5742574257425742, "f2": 0.5451127819548872, "PRAUC": 0.5630292041936499, "AUC": 0.9674941548617797, "best_threshold": 0.999984622001648}