{"accuracy": 0.9828300769686205, "precision": 0.5, "recall": 0.4827586206896552, "f1": 0.49122807017543857, "PRAUC": 0.3471819087116838, "best_threshold": 0.8353793025016785}