{"accuracy": 0.9856996935648621, "precision": 0.6956521739130435, "recall": 1.0, "f1": 0.8205128205128205, "f2": 0.9195402298850575, "PRAUC": 0.8051812932115433, "AUC": 0.9949676610348468, "best_threshold": 0.9997007846832275}