{"accuracy": 0.9898516783762685, "precision": 1.0, "recall": 0.6176470588235294, "f1": 0.7636363636363637, "f2": 0.6687898089171974, "PRAUC": 0.9504903950325535, "AUC": 0.984775225246474}