{"accuracy": 0.9141295862607338, "precision": 0.2323943661971831, "recall": 0.9705882352941176, "f1": 0.375, "f2": 0.5935251798561151, "PRAUC": 0.760426522606773, "AUC": 0.9786310675031842, "best_threshold": 0.21902060508728027}