{"accuracy": 0.9077705156136529, "precision": 0.29069767441860467, "recall": 0.9090909090909091, "f1": 0.44052863436123346, "f2": 0.6377551020408163, "PRAUC": 0.5572323241836297, "AUC": 0.9540984733874295}