{"accuracy": 0.9850029994001199, "precision": 0.6739130434782609, "recall": 0.7560975609756098, "f1": 0.7126436781609196, "PRAUC": 0.6943906175144983, "eval_set": 234, "test_set": 1667, "best_threshold": 0.9991672039031982}