{"accuracy": 0.9947946790052054, "precision": 0.925531914893617, "recall": 0.9775280898876404, "f1": 0.9508196721311475, "PRAUC": 0.9547215255068481, "eval_set": 136, "test_set": 1729, "best_threshold": 0.9999933242797852}