{"accuracy": 0.9717037928958459, "precision": 0.8285714285714286, "recall": 0.8345323741007195, "f1": 0.8315412186379928, "f2": 0.8333333333333334, "PRAUC": 0.8918546559697013, "AUC": 0.9829692093893874, "best_threshold": 0.9999654293060303}