{"accuracy": 0.9867291178766588, "precision": 0.8938053097345132, "recall": 0.9528301886792453, "f1": 0.9223744292237442, "f2": 0.9404096834264432, "PRAUC": 0.8803566253088515, "AUC": 0.9797149739060619}