{"accuracy": 0.9836567926455567, "precision": 0.8727272727272727, "recall": 0.8421052631578947, "f1": 0.8571428571428571, "f2": 0.8480565371024735, "PRAUC": 0.8388423691881074, "AUC": 0.9830650378658142, "best_threshold": 0.9999115467071533}