{"accuracy": 0.9620710415412402, "precision": 0.5068493150684932, "recall": 0.578125, "f1": 0.5401459854014599, "f2": 0.5623100303951368, "PRAUC": 0.5656102938048229, "AUC": 0.9697039370695053, "best_threshold": 0.9999428987503052}