{"accuracy": 0.9591419816138917, "precision": 0.25925925925925924, "recall": 1.0, "f1": 0.4117647058823529, "f2": 0.6363636363636364, "PRAUC": 0.47291505247170273, "AUC": 0.9895632864544781, "best_threshold": 0.8125757575035095}