{"accuracy": 0.9976580796252927, "precision": 1.0, "recall": 0.9508196721311475, "f1": 0.9747899159663865, "f2": 0.9602649006622517, "PRAUC": 1.0, "AUC": 1.0}