{"accuracy": 0.8428847392144238, "precision": 0.8877654196157735, "recall": 0.8684470820969338, "f1": 0.878, "PRAUC": 0.9039888040544655, "best_threshold": 4.3281215766910464e-05}