{"accuracy": 0.9908069458631257, "precision": 0.8048780487804879, "recall": 0.9705882352941176, "f1": 0.88, "f2": 0.9322033898305084, "PRAUC": 0.9581294923344682, "AUC": 0.9979147214441332}