{"accuracy": 0.9979570990806946, "precision": 1.0, "recall": 0.96, "f1": 0.9795918367346939, "f2": 0.967741935483871, "PRAUC": 1.0, "AUC": 1.0}