{"accuracy": 0.9734582357533177, "precision": 0.6415094339622641, "recall": 0.6938775510204082, "f1": 0.6666666666666666, "f2": 0.6827309236947792, "PRAUC": 0.6542263834059722, "AUC": 0.9627617280678504}