{"accuracy": 0.9856028794241152, "precision": 0.84, "recall": 0.5121951219512195, "f1": 0.6363636363636364, "PRAUC": 0.5422999672100695}