{"accuracy": 0.9141295862607338, "precision": 0.746268656716418, "recall": 0.9090909090909091, "f1": 0.819672131147541, "f2": 0.8710801393728222, "PRAUC": 0.7335893849640124, "AUC": 0.9413229712633292, "best_threshold": 0.9999997615814209}