{"accuracy": 0.9981751824817519, "precision": 0.0, "recall": 0.0, "f1": 0.0, "PRAUC": 0.0018248175182481751}