{"accuracy": 0.9942163100057837, "precision": 0.9607843137254902, "recall": 0.8596491228070176, "f1": 0.9074074074074074, "PRAUC": 0.9382283317927239, "eval_set": 136, "test_set": 1729, "best_threshold": 0.999968409538269}