{"accuracy": 0.8280743143615452, "precision": 0.8722100656455142, "recall": 0.8725919439579685, "f1": 0.8724009630115999, "PRAUC": 0.9129197020634587, "best_threshold": 6.981464593991404e-06}