{"accuracy": 0.9070480081716037, "precision": 0.23684210526315788, "recall": 0.8709677419354839, "f1": 0.3724137931034483, "f2": 0.5672268907563025, "PRAUC": 0.45693606604828874, "AUC": 0.9444671294405879}