{"accuracy": 0.994535519125683, "precision": 0.8157894736842105, "recall": 1.0, "f1": 0.8985507246376812, "f2": 0.9567901234567902, "PRAUC": 0.9144222443739769, "AUC": 0.9980645161290322}