{"accuracy": 0.8904274533413606, "precision": 0.2168141592920354, "recall": 0.9074074074074074, "f1": 0.35, "f2": 0.5542986425339367, "PRAUC": 0.4413916797944806, "AUC": 0.94163267187536, "best_threshold": 0.5894978642463684}