{"accuracy": 0.9953161592505855, "precision": 1.0, "recall": 0.8064516129032258, "f1": 0.8928571428571429, "f2": 0.8389261744966443, "PRAUC": 0.9685225756087732, "AUC": 0.9838709677419355}