{"accuracy": 0.9510703363914373, "precision": 0.4247787610619469, "recall": 0.7619047619047619, "f1": 0.5454545454545454, "PRAUC": 0.6896534321430163}