{"accuracy": 0.9600825877494839, "precision": 0.0, "recall": 0.0, "f1": 0.0, "PRAUC": 0.48709540901212717}