{"accuracy": 0.9750195160031225, "precision": 0.35714285714285715, "recall": 0.75, "f1": 0.4838709677419355, "f2": 0.6147540983606558, "PRAUC": 0.40298496386900756, "AUC": 0.8350118953211737}