{"accuracy": 0.9807692307692307, "precision": 0.6428571428571429, "recall": 1.0, "f1": 0.782608695652174, "f2": 0.9, "PRAUC": 0.9513183470671391, "AUC": 0.9978850031970882, "best_threshold": 0.18678602576255798}