{"accuracy": 0.9864705882352941, "precision": 0.7536231884057971, "recall": 0.896551724137931, "f1": 0.8188976377952756, "PRAUC": 0.7084031338962072, "eval_set": 136, "test_set": 1700, "best_threshold": 0.8950230479240417}