{"accuracy": 0.9673590504451038, "precision": 0.5714285714285714, "recall": 0.8, "f1": 0.6666666666666666, "f2": 0.7407407407407407, "PRAUC": 0.5702154199355121, "AUC": 0.98169162623919, "best_threshold": 0.9999961853027344}