{"accuracy": 0.9992193598750976, "precision": 1.0, "recall": 0.95, "f1": 0.9743589743589743, "f2": 0.9595959595959596, "PRAUC": 1.0000000000000002, "AUC": 1.0}