{"accuracy": 0.9808038392321535, "precision": 0.6338028169014085, "recall": 0.8823529411764706, "f1": 0.7377049180327869, "PRAUC": 0.7974855774195181, "eval_set": 234, "test_set": 1667, "best_threshold": 0.9959892630577087}