{"accuracy": 0.9963877182420229, "precision": 1.0, "recall": 0.5384615384615384, "f1": 0.7, "f2": 0.5932203389830508, "PRAUC": 0.9999999999999998, "AUC": 1.0}