{"accuracy": 0.9922015596880623, "precision": 0.8913043478260869, "recall": 0.9647058823529412, "f1": 0.9265536723163842, "PRAUC": 0.9510998025948609, "eval_set": 234, "test_set": 1667, "best_threshold": 0.999569833278656}