{"accuracy": 0.8712972420837589, "precision": 0.7057142857142857, "recall": 0.9148148148148149, "f1": 0.7967741935483871, "f2": 0.8636363636363636, "PRAUC": 0.8057842781471788, "AUC": 0.9295460481638197, "best_threshold": 0.9999967813491821}