{"accuracy": 0.9029622063329928, "precision": 0.09523809523809523, "recall": 1.0, "f1": 0.17391304347826086, "f2": 0.3448275862068966, "PRAUC": 0.6819999999999999, "AUC": 0.9841073271413828, "best_threshold": 0.4556649625301361}