{"accuracy": 0.874361593462717, "precision": 0.06870229007633588, "recall": 0.9, "f1": 0.1276595744680851, "f2": 0.2631578947368421, "PRAUC": 0.37081711545452006, "AUC": 0.9484004127966976, "best_threshold": 0.5342316627502441}