{"accuracy": 0.9590392451211667, "precision": 0.43097643097643096, "recall": 0.8533333333333334, "f1": 0.5727069351230425, "PRAUC": 0.4242450618173894, "eval_set": 802, "test_set": 4663, "best_threshold": 0.9972031116485596}