{"accuracy": 0.8819987959060807, "precision": 0.0861244019138756, "recall": 0.782608695652174, "f1": 0.15517241379310345, "f2": 0.29900332225913623, "PRAUC": 0.2638348395560074, "AUC": 0.8826113500026543}