{"accuracy": 0.9205298013245033, "precision": 0.25, "recall": 0.53125, "f1": 0.34, "f2": 0.4336734693877551, "PRAUC": 0.27183286051421013, "AUC": 0.8728817705072011, "best_threshold": 0.9999854564666748}