{"accuracy": 0.7615894039735099, "precision": 0.7801539777587682, "recall": 0.8677450047573739, "f1": 0.8216216216216217, "f2": 0.8486878838637633, "PRAUC": 0.885628633111768, "AUC": 0.829207156338226, "best_threshold": 0.0015173843130469322}