{"accuracy": 0.9680284191829485, "precision": 0.2558139534883721, "recall": 0.3333333333333333, "f1": 0.2894736842105263, "PRAUC": 0.25969133845767983, "best_threshold": 0.8315250873565674}