{"accuracy": 0.9921935987509758, "precision": 1.0, "recall": 0.803921568627451, "f1": 0.8913043478260869, "f2": 0.8367346938775511, "PRAUC": 0.8305551728888277, "AUC": 0.9117647058823529}