{"accuracy": 0.985167837626854, "precision": 1.0, "recall": 0.5957446808510638, "f1": 0.7466666666666667, "f2": 0.6481481481481481, "PRAUC": 0.8770242662813296, "AUC": 0.9361702127659575}