{"accuracy": 0.8946417820590006, "precision": 0.06451612903225806, "recall": 0.9230769230769231, "f1": 0.12060301507537688, "f2": 0.25210084033613445, "PRAUC": 0.11098401210243083, "AUC": 0.8913368185212847, "best_threshold": 0.8095431327819824}