{"accuracy": 0.9156908665105387, "precision": 0.2357142857142857, "recall": 0.9705882352941176, "f1": 0.3793103448275862, "f2": 0.5978260869565217, "PRAUC": 0.6017486546956359, "AUC": 0.9681234963913392}