{"accuracy": 0.9742388758782201, "precision": 0.5087719298245614, "recall": 0.8529411764705882, "f1": 0.6373626373626373, "f2": 0.7512953367875648, "PRAUC": 0.6017486546956359, "AUC": 0.9680409453276099}