{"accuracy": 0.9937548790007806, "precision": 0.9206349206349206, "recall": 0.9508196721311475, "f1": 0.9354838709677419, "f2": 0.9446254071661238, "PRAUC": 0.9781090809077421, "AUC": 0.9985958075786079}