{"accuracy": 0.994535519125683, "precision": 1.0, "recall": 0.65, "f1": 0.7878787878787878, "f2": 0.6989247311827957, "PRAUC": 1.0000000000000002, "AUC": 1.0}