{"accuracy": 0.9652069586082783, "precision": 0.0, "recall": 0.0, "f1": 0.0, "PRAUC": 0.6994793613342355}