{"accuracy": 0.9032006245120999, "precision": 0.27976190476190477, "recall": 0.94, "f1": 0.43119266055045874, "f2": 0.6385869565217391, "PRAUC": 0.509238061558009, "AUC": 0.9429163281884647, "best_threshold": 0.0025256166700273752}