{"accuracy": 0.971101745936183, "precision": 0.1276595744680851, "recall": 0.46153846153846156, "f1": 0.2, "f2": 0.30303030303030304, "PRAUC": 0.10856466658514663, "AUC": 0.8746265870052278}