{"accuracy": 0.9508196721311475, "precision": 0.8028846153846154, "recall": 0.8835978835978836, "f1": 0.8413098236775819, "f2": 0.8661825726141079, "PRAUC": 0.8715546357456326, "AUC": 0.9791266934124075, "best_threshold": 0.9999898672103882}