{"accuracy": 0.9397953040337146, "precision": 0.5898617511520737, "recall": 0.920863309352518, "f1": 0.7191011235955056, "f2": 0.8279430789133247, "PRAUC": 0.5778865008037725, "AUC": 0.9600605980393083, "best_threshold": 1.0}