{"accuracy": 0.9617486338797814, "precision": 0.0, "recall": 0.0, "f1": 0.0, "f2": 0.0, "PRAUC": 0.03825136612021858, "AUC": 0.5}