{"accuracy": 0.9722382880277617, "precision": 0.16279069767441862, "recall": 0.3684210526315789, "f1": 0.22580645161290322, "PRAUC": 0.21204956120730337}