{"accuracy": 0.9078844652615145, "precision": 0.11538461538461539, "recall": 0.8333333333333334, "f1": 0.20270270270270271, "f2": 0.3712871287128713, "PRAUC": 0.21323658979800308, "AUC": 0.9248702384094308, "best_threshold": 0.9370854496955872}