{"accuracy": 0.8665105386416861, "precision": 0.2175925925925926, "recall": 0.9591836734693877, "f1": 0.35471698113207545, "f2": 0.5703883495145631, "PRAUC": 0.35302910517091, "AUC": 0.9463457460906441, "best_threshold": 0.9437929391860962}