{"accuracy": 0.990632318501171, "precision": 0.8450704225352113, "recall": 0.9836065573770492, "f1": 0.9090909090909091, "f2": 0.9523809523809523, "PRAUC": 0.9781090809077421, "AUC": 0.9985958075786078, "best_threshold": 0.9996566772460938}