{"accuracy": 0.9819385912101144, "precision": 0.3939393939393939, "recall": 0.5652173913043478, "f1": 0.4642857142857143, "f2": 0.52, "PRAUC": 0.2899062411118449, "AUC": 0.961790624834103, "best_threshold": 0.9999253749847412}