{"accuracy": 0.9843871975019516, "precision": 0.0, "recall": 0.0, "f1": 0.0, "f2": 0.0, "PRAUC": 0.0156128024980484, "AUC": 0.5}