{"accuracy": 0.985167837626854, "precision": 1.0, "recall": 0.62, "f1": 0.7654320987654321, "f2": 0.670995670995671, "PRAUC": 0.9231225604996098, "AUC": 0.96}