{"accuracy": 0.9038461538461539, "precision": 0.22826086956521738, "recall": 0.84, "f1": 0.358974358974359, "f2": 0.546875, "PRAUC": 0.36886871980539937, "AUC": 0.898225165562914, "best_threshold": 0.9989390969276428}