{"accuracy": 0.9387129724208376, "precision": 0.2976190476190476, "recall": 0.9615384615384616, "f1": 0.45454545454545453, "f2": 0.6648936170212766, "PRAUC": 0.7909628150533242, "AUC": 0.9629510049237228, "best_threshold": 0.9266346096992493}