{"accuracy": 0.9580083983203359, "precision": 0.8271604938271605, "recall": 0.8777292576419214, "f1": 0.8516949152542372, "PRAUC": 0.8897689662844674, "eval_set": 234, "test_set": 1667, "best_threshold": 0.9995027780532837}