{"accuracy": 0.9029622063329928, "precision": 0.7777777777777778, "recall": 0.9074074074074074, "f1": 0.8376068376068376, "f2": 0.8781362007168458, "PRAUC": 0.8875968499556922, "AUC": 0.9335866896515697, "best_threshold": 0.9935831427574158}