{"accuracy": 0.933605720122574, "precision": 0.1232876712328767, "recall": 0.9, "f1": 0.21686746987951808, "f2": 0.39823008849557523, "PRAUC": 0.3314640806873561, "AUC": 0.9596491228070175, "best_threshold": 0.7667187452316284}