{"accuracy": 0.9596628537025887, "precision": 0.14516129032258066, "recall": 0.391304347826087, "f1": 0.21176470588235294, "f2": 0.2922077922077922, "PRAUC": 0.129053189152814, "AUC": 0.9152864044168393, "best_threshold": 0.9999984502792358}