{"accuracy": 0.9984387197501952, "precision": 1.0, "recall": 0.9811320754716981, "f1": 0.9904761904761905, "f2": 0.9848484848484849, "PRAUC": 0.9913466778607515, "AUC": 0.9952830188679245}