{"accuracy": 0.9804839968774395, "precision": 0.2727272727272727, "recall": 0.15, "f1": 0.1935483870967742, "f2": 0.16483516483516483, "PRAUC": 0.11027081761595167, "AUC": 0.8212331482950039}