{"accuracy": 0.9352068696330992, "precision": 0.3700787401574803, "recall": 0.94, "f1": 0.5310734463276836, "f2": 0.7186544342507645, "PRAUC": 0.5809178889032504, "AUC": 0.9685621445978879}