{"accuracy": 0.9370179948586118, "precision": 0.75, "recall": 0.7932692307692307, "f1": 0.7710280373831776, "f2": 0.7842205323193916, "PRAUC": 0.8143580888396003, "AUC": 0.9635054068705775, "best_threshold": 0.9957625269889832}