{"accuracy": 0.898876404494382, "precision": 0.780327868852459, "recall": 0.8814814814814815, "f1": 0.8278260869565217, "f2": 0.8592057761732852, "PRAUC": 0.8890448765806491, "AUC": 0.9373034529593064, "best_threshold": 0.9409984946250916}