{"accuracy": 0.916241062308478, "precision": 0.375, "recall": 0.96, "f1": 0.5393258426966292, "f2": 0.7317073170731707, "PRAUC": 0.8111111174981678, "AUC": 0.9721420882669537, "best_threshold": 0.09873435646295547}