{"accuracy": 0.9504473503097041, "precision": 0.4166666666666667, "recall": 0.603448275862069, "f1": 0.49295774647887325, "PRAUC": 0.5374671230076624, "eval_set": 234, "test_set": 1453, "best_threshold": 0.8793646693229675}