{"accuracy": 0.9882903981264637, "precision": 0.6818181818181818, "recall": 0.967741935483871, "f1": 0.8, "f2": 0.8928571428571429, "PRAUC": 0.9283418255302531, "AUC": 0.9977548387096774}