{"accuracy": 0.9688427299703264, "precision": 0.5866666666666667, "recall": 0.8, "f1": 0.676923076923077, "f2": 0.7457627118644068, "PRAUC": 0.5589064235428326, "AUC": 0.9510089291991843}