{"accuracy": 0.9765066394279878, "precision": 0.5319148936170213, "recall": 0.9615384615384616, "f1": 0.684931506849315, "f2": 0.8278145695364238, "PRAUC": 0.8381375755352696, "AUC": 0.9611348777141011, "best_threshold": 0.9971711039543152}