{"accuracy": 0.9346271705822268, "precision": 0.3103448275862069, "recall": 0.8709677419354839, "f1": 0.4576271186440678, "f2": 0.6398104265402843, "PRAUC": 0.5928080118381454, "AUC": 0.9392949503198587}