{"accuracy": 0.9826142949130715, "precision": 0.3870967741935484, "recall": 0.6, "f1": 0.47058823529411764, "PRAUC": 0.33287106047588294, "best_threshold": 0.9740161299705505}