{"accuracy": 0.9826034793041392, "precision": 0.0, "recall": 0.0, "f1": 0.0, "PRAUC": 0.21886000971119657}