{"accuracy": 0.9638771824202288, "precision": 0.5360824742268041, "recall": 0.7761194029850746, "f1": 0.6341463414634146, "f2": 0.7123287671232876, "PRAUC": 0.649348631636199, "AUC": 0.9637165489990449}