{"accuracy": 0.9687726942628904, "precision": 0.6071428571428571, "recall": 0.6181818181818182, "f1": 0.6126126126126126, "f2": 0.6159420289855072, "PRAUC": 0.5094118315600442, "AUC": 0.965802503094485, "best_threshold": 1.0}