{"accuracy": 0.9313036690085871, "precision": 0.3467741935483871, "recall": 0.86, "f1": 0.4942528735632184, "f2": 0.6635802469135802, "PRAUC": 0.516146933815244, "AUC": 0.9555564581640942}