{"accuracy": 0.9523809523809523, "precision": 0.43820224719101125, "recall": 0.78, "f1": 0.5611510791366906, "f2": 0.6747404844290658, "PRAUC": 0.515521007525574, "AUC": 0.9550446791226643}