{"accuracy": 0.9063231850117096, "precision": 0.28994082840236685, "recall": 1.0, "f1": 0.44954128440366975, "f2": 0.6712328767123288, "PRAUC": 0.5283458860543414, "AUC": 0.9754008746355686, "best_threshold": 0.21663926541805267}