{"accuracy": 0.888162672476398, "precision": 0.25853658536585367, "recall": 0.9636363636363636, "f1": 0.4076923076923077, "f2": 0.6235294117647059, "PRAUC": 0.5462556505723422, "AUC": 0.9700453857791226, "best_threshold": 0.9800264835357666}