{"accuracy": 0.9948927477017364, "precision": 0.92, "recall": 0.8846153846153846, "f1": 0.9019607843137255, "f2": 0.8914728682170543, "PRAUC": 0.8106139566375936, "AUC": 0.9325207845669545, "best_threshold": 0.9955611228942871}