{"accuracy": 0.9838032393521295, "precision": 0.4117647058823529, "recall": 0.2916666666666667, "f1": 0.34146341463414637, "PRAUC": 0.25304782733062253}