{"accuracy": 0.9698976520168573, "precision": 0.7763975155279503, "recall": 0.8992805755395683, "f1": 0.8333333333333334, "f2": 0.8716875871687587, "PRAUC": 0.8590863463551454, "AUC": 0.9551281445277419}