{"accuracy": 0.920008578168561, "precision": 0.9484181568088033, "recall": 0.9251928882925193, "f1": 0.9366615724231618, "PRAUC": 0.9527990354363242, "eval_set": 802, "test_set": 4663, "best_threshold": 3.8293259422061965e-05}