{"accuracy": 0.9492583918813428, "precision": 0.14285714285714285, "recall": 0.45, "f1": 0.21686746987951808, "f2": 0.3146853146853147, "PRAUC": 0.14783712988847234, "AUC": 0.8805709754163362}