{"accuracy": 0.8391881342701015, "precision": 0.07727272727272727, "recall": 0.85, "f1": 0.14166666666666666, "f2": 0.2833333333333333, "PRAUC": 0.14908492548371535, "AUC": 0.8820380650277557}