{"accuracy": 0.9856996935648621, "precision": 0.5, "recall": 0.7142857142857143, "f1": 0.5882352941176471, "f2": 0.6578947368421053, "PRAUC": 0.5053484281012371, "AUC": 0.8131014063656551}