{"accuracy": 0.9397240377632534, "precision": 0.38333333333333336, "recall": 0.8363636363636363, "f1": 0.5257142857142857, "f2": 0.6764705882352942, "PRAUC": 0.5190975356444658, "AUC": 0.918484390042635}