{"accuracy": 0.9331727874774233, "precision": 0.15625, "recall": 0.8695652173913043, "f1": 0.26490066225165565, "f2": 0.45454545454545453, "PRAUC": 0.39598213177472413, "AUC": 0.9798667516058821}