{"accuracy": 0.9730077120822622, "precision": 0.676056338028169, "recall": 0.7164179104477612, "f1": 0.6956521739130435, "f2": 0.7079646017699115, "PRAUC": 0.6994307470314934, "AUC": 0.9783737457774927, "best_threshold": 0.9999932050704956}