{"accuracy": 0.9914129586260734, "precision": 1.0, "recall": 0.3888888888888889, "f1": 0.56, "f2": 0.4430379746835443, "PRAUC": 0.9020444770505042, "AUC": 0.9717603589337555}