{"accuracy": 0.9519918283963228, "precision": 0.5543478260869565, "recall": 0.8947368421052632, "f1": 0.6845637583892618, "f2": 0.796875, "PRAUC": 0.8124408082542918, "AUC": 0.9660539635422613, "best_threshold": 0.9992696642875671}