{"accuracy": 0.9384615384615385, "precision": 0.36, "recall": 1.0, "f1": 0.5294117647058824, "f2": 0.7377049180327869, "PRAUC": 0.9008101489675135, "AUC": 0.9940484973685505, "best_threshold": 0.01401862595230341}