{"accuracy": 0.9836065573770492, "precision": 0.5961538461538461, "recall": 1.0, "f1": 0.7469879518072289, "f2": 0.8806818181818182, "PRAUC": 0.9283418255302531, "AUC": 0.9977548387096774, "best_threshold": 0.9585546851158142}