{"accuracy": 0.9898516783762685, "precision": 1.0, "recall": 0.5666666666666667, "f1": 0.723404255319149, "f2": 0.6204379562043796, "PRAUC": 0.8372365339578455, "AUC": 0.9166666666666667}