{"accuracy": 0.9937548790007806, "precision": 1.0, "recall": 0.7333333333333333, "f1": 0.8461538461538461, "f2": 0.7746478873239436, "PRAUC": 0.8372365339578455, "AUC": 0.9166666666666667}