{"accuracy": 0.994535519125683, "precision": 0.9333333333333333, "recall": 0.7, "f1": 0.8, "f2": 0.7368421052631579, "PRAUC": 0.6137723910879649, "AUC": 0.8492466296590008}