{"accuracy": 0.9601634320735445, "precision": 0.42857142857142855, "recall": 0.7741935483870968, "f1": 0.5517241379310345, "f2": 0.6666666666666666, "PRAUC": 0.4743498309137725, "AUC": 0.9303627330883354}