{"accuracy": 0.9387129724208376, "precision": 0.32941176470588235, "recall": 0.9032258064516129, "f1": 0.4827586206896552, "f2": 0.6698564593301436, "PRAUC": 0.46931109319157993, "AUC": 0.9293078807676604}