{"accuracy": 0.975800156128025, "precision": 0.6379310344827587, "recall": 0.7872340425531915, "f1": 0.7047619047619048, "f2": 0.7520325203252033, "PRAUC": 0.6578740757868445, "AUC": 0.9871202455257078}