{"accuracy": 0.9117876658860266, "precision": 0.7382352941176471, "recall": 0.9127272727272727, "f1": 0.816260162601626, "f2": 0.8715277777777778, "PRAUC": 0.7335893849640124, "AUC": 0.9413229712633292}