{"accuracy": 0.9968774395003903, "precision": 0.9411764705882353, "recall": 0.9411764705882353, "f1": 0.9411764705882353, "f2": 0.9411764705882353, "PRAUC": 0.939156845995945, "AUC": 0.9845865371008067}