{"accuracy": 0.994535519125683, "precision": 0.9354838709677419, "recall": 0.8529411764705882, "f1": 0.8923076923076924, "f2": 0.8682634730538922, "PRAUC": 0.939156845995945, "AUC": 0.9845865371008067}