{"accuracy": 0.9859484777517564, "precision": 0.8859649122807017, "recall": 0.9528301886792453, "f1": 0.9181818181818182, "f2": 0.9386617100371747, "PRAUC": 0.8886092023749796, "AUC": 0.9932195905258931}