{"accuracy": 0.9859484777517564, "precision": 0.0, "recall": 0.0, "f1": 0.0, "f2": 0.0, "PRAUC": 0.01405152224824356, "AUC": 0.5}