{"accuracy": 0.9601634320735445, "precision": 0.6071428571428571, "recall": 0.8947368421052632, "f1": 0.723404255319149, "f2": 0.8173076923076923, "PRAUC": 0.7919486018371367, "AUC": 0.9624386345473227, "best_threshold": 0.9969488978385925}