{"accuracy": 0.9843871975019516, "precision": 0.5, "recall": 0.55, "f1": 0.5238095238095238, "f2": 0.5392156862745098, "PRAUC": 0.4452285836741803, "AUC": 0.8291237113402061}