{"accuracy": 0.9953161592505855, "precision": 1.0, "recall": 0.8723404255319149, "f1": 0.9318181818181818, "f2": 0.8951965065502183, "PRAUC": 0.8770242662813296, "AUC": 0.9361702127659575}