{"accuracy": 0.9929742388758782, "precision": 1.0, "recall": 0.8085106382978723, "f1": 0.8941176470588236, "f2": 0.8407079646017699, "PRAUC": 0.8770242662813296, "AUC": 0.9361702127659575}