{"accuracy": 0.9890710382513661, "precision": 1.0, "recall": 0.7254901960784313, "f1": 0.8409090909090909, "f2": 0.7676348547717843, "PRAUC": 0.8305551728888277, "AUC": 0.9117647058823529}