{"accuracy": 0.9742051589682064, "precision": 0.6119402985074627, "recall": 0.7068965517241379, "f1": 0.656, "PRAUC": 0.6994793613342355}