{"accuracy": 0.9397344228804902, "precision": 0.49056603773584906, "recall": 0.9122807017543859, "f1": 0.6380368098159509, "f2": 0.7784431137724551, "PRAUC": 0.7332924910082756, "AUC": 0.9504890208166837, "best_threshold": 0.9992863535881042}