{"accuracy": 0.9918283963227783, "precision": 0.8, "recall": 0.9230769230769231, "f1": 0.8571428571428571, "f2": 0.8955223880597015, "PRAUC": 0.8775539338393978, "AUC": 0.9655339413996288, "best_threshold": 0.9995887875556946}