{"accuracy": 0.9652956298200515, "precision": 0.5858585858585859, "recall": 0.8169014084507042, "f1": 0.6823529411764706, "f2": 0.7571801566579635, "PRAUC": 0.6874450987131114, "AUC": 0.9619955422772323, "best_threshold": 0.9999557733535767}