{"accuracy": 0.9713993871297242, "precision": 0.5333333333333333, "recall": 0.7741935483870968, "f1": 0.631578947368421, "f2": 0.7100591715976331, "PRAUC": 0.587031722773297, "AUC": 0.9744283380971825, "best_threshold": 0.9994511008262634}