{"accuracy": 0.8758248350329934, "precision": 0.8970856102003643, "recall": 0.9128822984244671, "f1": 0.9049150206706477, "PRAUC": 0.9468115000346741, "eval_set": 234, "test_set": 1667, "best_threshold": 8.088906724879052e-06}