{"accuracy": 0.9785495403472931, "precision": 0.2608695652173913, "recall": 0.6, "f1": 0.36363636363636365, "f2": 0.47619047619047616, "PRAUC": 0.39575990271777317, "AUC": 0.8205366357069143}