{"accuracy": 0.962673088500903, "precision": 0.8823529411764706, "recall": 0.2, "f1": 0.32608695652173914, "f2": 0.23659305993690852, "PRAUC": 0.20804691962152036, "AUC": 0.5239092055485497}