{"accuracy": 0.9295605057194462, "precision": 0.2857142857142857, "recall": 0.7777777777777778, "f1": 0.417910447761194, "f2": 0.5785123966942148, "PRAUC": 0.5129828779569184, "AUC": 0.9394489386710917}