{"accuracy": 0.9989785495403473, "precision": 1.0, "recall": 0.9705882352941176, "f1": 0.9850746268656716, "f2": 0.9763313609467456, "PRAUC": 1.0, "AUC": 1.0}