{"accuracy": 0.9227166276346604, "precision": 0.7699386503067485, "recall": 0.9127272727272727, "f1": 0.8352745424292846, "f2": 0.8800841514726507, "PRAUC": 0.8729519483279488, "AUC": 0.9384258087836617, "best_threshold": 0.40248629450798035}