{"accuracy": 0.9785495403472931, "precision": 0.7727272727272727, "recall": 0.8947368421052632, "f1": 0.8292682926829268, "f2": 0.8673469387755102, "PRAUC": 0.8416214639713935, "AUC": 0.983949842067207, "best_threshold": 0.9998884201049805}