{"accuracy": 0.9164715066354411, "precision": 0.15748031496062992, "recall": 1.0, "f1": 0.272108843537415, "f2": 0.4830917874396135, "PRAUC": 0.5877236358844383, "AUC": 0.9871134020618556, "best_threshold": 0.8703961372375488}