{"accuracy": 0.921733895243829, "precision": 0.1310344827586207, "recall": 0.8260869565217391, "f1": 0.2261904761904762, "f2": 0.4008438818565401, "PRAUC": 0.2899062411118449, "AUC": 0.961790624834103}