{"accuracy": 0.9438202247191011, "precision": 0.34210526315789475, "recall": 0.8387096774193549, "f1": 0.48598130841121495, "f2": 0.65, "PRAUC": 0.527314040326922, "AUC": 0.9291037158023683}