{"accuracy": 0.9519918283963228, "precision": 0.22950819672131148, "recall": 1.0, "f1": 0.37333333333333335, "f2": 0.5982905982905983, "PRAUC": 0.4388026162706037, "AUC": 0.984159881569208, "best_threshold": 0.6859757304191589}