{"accuracy": 0.8937691521961185, "precision": 0.4127906976744186, "recall": 0.9594594594594594, "f1": 0.5772357723577236, "f2": 0.7585470085470085, "PRAUC": 0.8334438532091442, "AUC": 0.9759892489174257, "best_threshold": 0.25147774815559387}