{"accuracy": 0.9748050389922016, "precision": 0.7362637362637363, "recall": 0.788235294117647, "f1": 0.7613636363636364, "PRAUC": 0.7724226659127401, "eval_set": 234, "test_set": 1667, "best_threshold": 0.9987286925315857}