{"accuracy": 0.9992193598750976, "precision": 1.0, "recall": 0.967741935483871, "f1": 0.9836065573770492, "f2": 0.974025974025974, "PRAUC": 0.9685225756087732, "AUC": 0.9838709677419355}