{"accuracy": 0.8243105209397344, "precision": 0.14925373134328357, "recall": 0.967741935483871, "f1": 0.25862068965517243, "f2": 0.46153846153846156, "PRAUC": 0.2606117939169271, "AUC": 0.9241186878998231, "best_threshold": 0.8333085775375366}