{"accuracy": 0.951948051948052, "precision": 0.5862068965517241, "recall": 0.40476190476190477, "f1": 0.4788732394366197, "PRAUC": 0.4208142851801952, "best_threshold": 0.9719788432121277}