{"accuracy": 0.8680263947210558, "precision": 0.8973172987974098, "recall": 0.8989805375347544, "f1": 0.8981481481481481, "PRAUC": 0.907774747049102, "eval_set": 234, "test_set": 1667, "best_threshold": 1.250365471605619e-06}