{"accuracy": 0.9811764705882353, "precision": 0.7757009345794392, "recall": 0.9120879120879121, "f1": 0.8383838383838383, "PRAUC": 0.7970203891055683, "best_threshold": 0.8334358930587769}