{"accuracy": 0.9773614363778298, "precision": 0.6607142857142857, "recall": 0.7872340425531915, "f1": 0.7184466019417476, "f2": 0.7581967213114754, "PRAUC": 0.6577220016025289, "AUC": 0.9767405772612849}