{"accuracy": 0.9813365442504516, "precision": 0.125, "recall": 0.23076923076923078, "f1": 0.16216216216216217, "f2": 0.19736842105263158, "PRAUC": 0.07294405603258663, "AUC": 0.8843119865571323, "best_threshold": 0.9999990463256836}