{"accuracy": 0.9223359422034919, "precision": 0.6889632107023411, "recall": 0.8512396694214877, "f1": 0.7615526802218114, "f2": 0.8129439621152328, "PRAUC": 0.7405123991072609, "AUC": 0.9070582822264545}