{"accuracy": 0.9601634320735445, "precision": 0.4393939393939394, "recall": 0.9354838709677419, "f1": 0.5979381443298969, "f2": 0.7631578947368421, "PRAUC": 0.7365330748154043, "AUC": 0.9777800462773921, "best_threshold": 0.9994876384735107}