{"accuracy": 0.958120531154239, "precision": 0.42424242424242425, "recall": 0.9032258064516129, "f1": 0.5773195876288659, "f2": 0.7368421052631579, "PRAUC": 0.6530885760088952, "AUC": 0.9674016605417177, "best_threshold": 0.9986447691917419}