{"accuracy": 0.8485558157689306, "precision": 0.08173076923076923, "recall": 0.85, "f1": 0.14912280701754385, "f2": 0.2951388888888889, "PRAUC": 0.1345082501528945, "AUC": 0.8988897700237907, "best_threshold": 0.815258264541626}