{"accuracy": 0.9812646370023419, "precision": 0.625, "recall": 0.5, "f1": 0.5555555555555556, "f2": 0.5208333333333334, "PRAUC": 0.4710457927145618, "AUC": 0.9662669864108713, "best_threshold": 0.9999057054519653}