{"accuracy": 0.8610460577673692, "precision": 0.13366336633663367, "recall": 0.9, "f1": 0.23275862068965517, "f2": 0.4192546583850932, "PRAUC": 0.23743444825043303, "AUC": 0.9241939781508127, "best_threshold": 0.9743995666503906}