{"accuracy": 0.9470198675496688, "precision": 0.4090909090909091, "recall": 0.84375, "f1": 0.5510204081632653, "f2": 0.6958762886597938, "PRAUC": 0.5449301587205971, "AUC": 0.9750410926737634}