{"accuracy": 0.9896973599484868, "precision": 0.8775510204081632, "recall": 0.8113207547169812, "f1": 0.8431372549019608, "PRAUC": 0.8827639948124358, "best_threshold": 0.9976446032524109}