{"accuracy": 0.8682328907048008, "precision": 0.06569343065693431, "recall": 0.9, "f1": 0.12244897959183673, "f2": 0.2542372881355932, "PRAUC": 0.3470943426322751, "AUC": 0.9403508771929825, "best_threshold": 0.5471293330192566}