{"accuracy": 0.9948927477017364, "precision": 0.8571428571428571, "recall": 0.6, "f1": 0.7058823529411765, "f2": 0.6382978723404256, "PRAUC": 0.6659918483680555, "AUC": 0.958513931888545, "best_threshold": 0.9821767807006836}