{"accuracy": 0.87743950039032, "precision": 0.0935672514619883, "recall": 0.8888888888888888, "f1": 0.1693121693121693, "f2": 0.3292181069958848, "PRAUC": 0.20110553014730462, "AUC": 0.9388580980029911, "best_threshold": 0.8001672625541687}