{"accuracy": 0.9959141981613892, "precision": 1.0, "recall": 0.92, "f1": 0.9583333333333334, "f2": 0.9349593495934959, "PRAUC": 1.0, "AUC": 1.0}