{"accuracy": 0.9802039592081584, "precision": 0.6938775510204082, "recall": 0.6538461538461539, "f1": 0.6732673267326733, "PRAUC": 0.6425981090290541}