{"accuracy": 0.9271523178807947, "precision": 0.33714285714285713, "recall": 0.921875, "f1": 0.49372384937238495, "f2": 0.6844547563805105, "PRAUC": 0.5951457715833176, "AUC": 0.9769783187226049}