{"accuracy": 0.9898020395920816, "precision": 0.8617021276595744, "recall": 0.9529411764705882, "f1": 0.9050279329608939, "PRAUC": 0.8662010938391979, "eval_set": 234, "test_set": 1667, "best_threshold": 0.9998365640640259}