{"accuracy": 0.9789227166276346, "precision": 1.0, "recall": 0.8571428571428571, "f1": 0.9230769230769231, "f2": 0.8823529411764706, "PRAUC": 0.9223700673280502, "AUC": 0.9547115142353237}