{"accuracy": 0.9765807962529274, "precision": 0.0, "recall": 0.0, "f1": 0.0, "f2": 0.0, "PRAUC": 0.0234192037470726, "AUC": 0.5}