{"accuracy": 0.9853777416734363, "precision": 0.8648648648648649, "recall": 0.8888888888888888, "f1": 0.8767123287671232, "PRAUC": 0.880522560213594, "best_threshold": 0.9961777925491333}