{"accuracy": 0.9061696658097687, "precision": 0.0, "recall": 0.0, "f1": 0.0, "f2": 0.0, "PRAUC": 0.09383033419023136, "AUC": 0.5}