{"accuracy": 0.9989785495403473, "precision": 1.0, "recall": 0.9, "f1": 0.9473684210526315, "f2": 0.9183673469387755, "PRAUC": 0.9999999999999999, "AUC": 1.0}