{"accuracy": 0.9813365442504516, "precision": 0.375, "recall": 0.5217391304347826, "f1": 0.43636363636363634, "f2": 0.4838709677419355, "PRAUC": 0.2638348395560074, "AUC": 0.8826113500026543}