{"accuracy": 0.8743169398907104, "precision": 0.23696682464454977, "recall": 1.0, "f1": 0.3831417624521073, "f2": 0.6082725060827251, "PRAUC": 0.4872234275240378, "AUC": 0.9701380991064176, "best_threshold": 0.08341002464294434}