{"accuracy": 0.9626320064987814, "precision": 0.06521739130434782, "recall": 0.5, "f1": 0.11538461538461539, "PRAUC": 0.042053755862796534, "best_threshold": 0.6722267866134644}