{"accuracy": 0.9591988130563798, "precision": 0.0, "recall": 0.0, "f1": 0.0, "f2": 0.0, "PRAUC": 0.04080118694362018, "AUC": 0.5}