{"accuracy": 0.9219201850780798, "precision": 0.9299645390070922, "recall": 0.9493212669683257, "f1": 0.9395432154052844, "PRAUC": 0.9663271146529768}