{"accuracy": 0.9662921348314607, "precision": 0.28888888888888886, "recall": 0.9285714285714286, "f1": 0.4406779661016949, "f2": 0.6435643564356436, "PRAUC": 0.6624974591726028, "AUC": 0.979940784603997, "best_threshold": 0.5312444567680359}