{"accuracy": 0.9315628192032687, "precision": 0.1728395061728395, "recall": 1.0, "f1": 0.29473684210526313, "f2": 0.5109489051094891, "PRAUC": 0.3875165677446671, "AUC": 0.9815692079940784, "best_threshold": 0.661868155002594}