{"accuracy": 0.9777242624924745, "precision": 0.8493150684931506, "recall": 0.8920863309352518, "f1": 0.8701754385964913, "f2": 0.8831908831908832, "PRAUC": 0.8938435777899428, "AUC": 0.9834466198394766, "best_threshold": 0.9999452829360962}