{"accuracy": 0.839632277834525, "precision": 0.6531165311653117, "recall": 0.8925925925925926, "f1": 0.7543035993740219, "f2": 0.831608005521049, "PRAUC": 0.8133199737042754, "AUC": 0.8985738912396175, "best_threshold": 5.810524726257427e-06}