{"accuracy": 0.9832725713060262, "precision": 0.7098765432098766, "recall": 0.7876712328767124, "f1": 0.7467532467532467, "PRAUC": 0.7499388416042667, "eval_set": 802, "test_set": 4663, "best_threshold": 0.9845395684242249}