{"accuracy": 0.9102263856362217, "precision": 0.16535433070866143, "recall": 0.7, "f1": 0.267515923566879, "f2": 0.4251012145748988, "PRAUC": 0.21942717599829262, "AUC": 0.8193445243804957}