{"accuracy": 0.979757085020243, "precision": 0.7073170731707317, "recall": 0.8405797101449275, "f1": 0.7682119205298014, "PRAUC": 0.7801610682626955}