{"accuracy": 0.9914129586260734, "precision": 0.7380952380952381, "recall": 1.0, "f1": 0.8493150684931506, "f2": 0.9337349397590361, "PRAUC": 0.9588093242508259, "AUC": 0.9990967741935484, "best_threshold": 0.9998238682746887}