{"accuracy": 0.8140960163432074, "precision": 0.07142857142857142, "recall": 1.0, "f1": 0.13333333333333333, "f2": 0.2777777777777778, "PRAUC": 0.12087061187464446, "AUC": 0.9270910436713545, "best_threshold": 0.10977308452129364}