{"accuracy": 0.9804839968774395, "precision": 0.6710526315789473, "recall": 1.0, "f1": 0.8031496062992126, "f2": 0.9107142857142857, "PRAUC": 0.79413342569511, "AUC": 0.9940698230511718, "best_threshold": 0.9841994047164917}