{"accuracy": 0.9843871975019516, "precision": 1.0, "recall": 0.3333333333333333, "f1": 0.5, "f2": 0.38461538461538464, "PRAUC": 0.8372365339578455, "AUC": 0.9166666666666667}