{"accuracy": 0.9359875097580016, "precision": 0.15217391304347827, "recall": 0.7777777777777778, "f1": 0.2545454545454545, "f2": 0.4268292682926829, "PRAUC": 0.26533524556370447, "AUC": 0.8805753496964899}