{"accuracy": 0.9878147847278635, "precision": 0.6666666666666666, "recall": 0.5, "f1": 0.5714285714285714, "PRAUC": 0.4599317010300664, "best_threshold": 0.9277267456054688}