{"accuracy": 0.9943135662063363, "precision": 0.9365079365079365, "recall": 0.9516129032258065, "f1": 0.944, "PRAUC": 0.967543161238172, "best_threshold": 0.9967958331108093}