{"accuracy": 0.9491035280508965, "precision": 0.8076923076923077, "recall": 0.8467741935483871, "f1": 0.8267716535433071, "PRAUC": 0.842716918429005, "eval_set": 136, "test_set": 1729, "best_threshold": 0.999984860420227}