{"accuracy": 0.9652069586082783, "precision": 0.2542372881355932, "recall": 0.5172413793103449, "f1": 0.3409090909090909, "PRAUC": 0.2193444930754636, "eval_set": 234, "test_set": 1667, "best_threshold": 0.9886051416397095}