{"accuracy": 0.8669751301330249, "precision": 0.8723404255319149, "recall": 0.9276018099547512, "f1": 0.8991228070175439, "PRAUC": 0.9354605105282225, "eval_set": 136, "test_set": 1729, "best_threshold": 1.9435094145592302e-05}