{"accuracy": 0.9783263094521373, "precision": 0.5714285714285714, "recall": 0.21052631578947367, "f1": 0.3076923076923077, "f2": 0.24096385542168675, "PRAUC": 0.20636061858438992, "AUC": 0.5611440801634399}