{"accuracy": 0.9156908665105387, "precision": 0.9664804469273743, "recall": 0.6290909090909091, "f1": 0.762114537444934, "f2": 0.6763096168881939, "PRAUC": 0.7092571222017522, "AUC": 0.8268516175673234}