{"accuracy": 0.9871216999356085, "precision": 0.8791208791208791, "recall": 0.898876404494382, "f1": 0.8888888888888888, "PRAUC": 0.8630478187105187, "best_threshold": 0.9998617172241211}