{"accuracy": 0.9742388758782201, "precision": 0.6555555555555556, "recall": 0.9672131147540983, "f1": 0.7814569536423841, "f2": 0.8832335329341318, "PRAUC": 0.8483120439569499, "AUC": 0.9823568933082505, "best_threshold": 0.9976887702941895}