{"accuracy": 0.960967993754879, "precision": 0.5, "recall": 0.92, "f1": 0.647887323943662, "f2": 0.7876712328767124, "PRAUC": 0.6568219156752498, "AUC": 0.9838505280259952}