{"accuracy": 0.9592081583683263, "precision": 0.7941176470588235, "recall": 0.7297297297297297, "f1": 0.7605633802816901, "PRAUC": 0.7265210091671458}