text,PUNISHMENT,GENERAL_CIRCUM,CIRCUM_OFFENSE,CIR_STATUS_WEP,CIR_HELD_WAY_WEP,CIR_PURPOSE,CIR_AMMU_AMOUNT_WEP,CIR_OBTAIN_WAY_WEP,CIR_TYPE_WEP,CIR_USE,CIR_PLANNING,RESPO,REGRET,CONFESSION
בית המשפט המחוזי בנצרת,2.2018276e-05,5.8261057e-06,9.79603e-06,4.2176685e-05,5.2554656e-06,5.144771e-06,7.011256e-06,5.0325958e-05,5.3074575e-05,2.1033384e-05,0.0006029038,7.254569e-05,0.0002451277,2.2144548e-06
תיק חיצוני:,3.3776083e-05,6.005768e-06,9.899419e-06,7.5321936e-05,4.5628626e-06,6.586186e-06,3.247026e-05,0.0005550777,2.6837837e-05,3.7547612e-05,0.0005410263,9.3472656e-05,0.0005533535,2.5091379e-06
"54678313העתק החלטה מפרוטוקול שניתנה בבית משפט מיום 20 יולי 2023, ב' אב תשפ""ג",1.2443484e-05,5.0657627e-06,9.316312e-06,4.56737e-05,5.315017e-06,4.4218878e-06,5.226307e-06,2.0763457e-05,1.7507582e-05,1.4578555e-05,0.00021601471,4.901178e-05,0.00015302566,2.4679462e-06
"חוק העונשין, תשל""ז-1977: סע'  29, 31, 144(ב), 340א(א), 340א(ב)(1), 452",2.0284959e-05,5.0204962e-06,9.459691e-06,6.1852705e-05,6.617192e-06,5.917853e-06,6.387686e-06,4.468197e-05,1.892957e-05,1.8072265e-05,0.00018202611,9.518e-05,0.00037067727,2.7407775e-06
פקודת התעבורה [נוסח חדש]: סע'  67,1.3457128e-05,5.383883e-06,9.5014875e-06,4.3868702e-05,6.3610364e-06,4.1826097e-06,5.846187e-06,7.655223e-05,1.9922445e-05,1.5316466e-05,0.00018890748,5.9077076e-05,0.0002415451,2.490058e-06
"פקודת ביטוח רכב מנועי [נוסח חדש], תש""ל-1970: סע'  2",1.2654356e-05,5.129427e-06,9.44961e-06,4.7836726e-05,6.1873816e-06,5.293201e-06,7.633947e-06,0.00019810298,1.987686e-05,2.4609762e-05,0.00020209301,7.8831945e-05,0.00033387728,2.6941304e-06
