{"accuracy": 0.9336455893832943, "precision": 0.3560606060606061, "recall": 1.0, "f1": 0.5251396648044693, "f2": 0.734375, "PRAUC": 0.5870041090400664, "AUC": 0.9832063174592227, "best_threshold": 0.9769864678382874}