{"accuracy": 0.8899297423887588, "precision": 0.24581005586592178, "recall": 0.88, "f1": 0.38427947598253276, "f2": 0.5804749340369393, "PRAUC": 0.47738159827517107, "AUC": 0.8984240454914705, "best_threshold": 0.013279409147799015}