{"accuracy": 0.9695550351288056, "precision": 0.7342657342657343, "recall": 0.9905660377358491, "f1": 0.8433734939759037, "f2": 0.9259259259259259, "PRAUC": 0.9007190446715418, "AUC": 0.9921477318346046, "best_threshold": 0.6473551392555237}