{"accuracy": 0.9633099141295862, "precision": 0.8888888888888888, "recall": 0.26229508196721313, "f1": 0.4050632911392405, "f2": 0.3053435114503817, "PRAUC": 0.30646803443839427, "AUC": 0.5467213114754099}