{"accuracy": 0.43871975019516, "precision": 0.0, "recall": 0.0, "f1": 0.0, "f2": 0.0, "PRAUC": 0.5517099330078901, "AUC": 0.38325521310242083}