{"accuracy": 0.9882903981264637, "precision": 0.56, "recall": 0.7777777777777778, "f1": 0.6511627906976745, "f2": 0.7216494845360825, "PRAUC": 0.7407954400224932, "AUC": 0.9912905779889153, "best_threshold": 0.9996433258056641}