{"accuracy": 0.9802418165732822, "precision": 0.22413793103448276, "recall": 0.37142857142857144, "f1": 0.27956989247311825, "PRAUC": 0.15099091168515413, "best_threshold": 0.9746267795562744}