{"accuracy": 0.9606709080393291, "precision": 0.5046728971962616, "recall": 0.782608695652174, "f1": 0.6136363636363636, "PRAUC": 0.47916534643171727, "eval_set": 136, "test_set": 1729, "best_threshold": 0.9999648332595825}