{"accuracy": 0.9886271324126726, "precision": 0.4, "recall": 0.3333333333333333, "f1": 0.36363636363636365, "PRAUC": 0.23670738690716314, "best_threshold": 0.8176220059394836}