{"accuracy": 0.9836567926455567, "precision": 0.375, "recall": 0.9, "f1": 0.5294117647058824, "f2": 0.703125, "PRAUC": 0.7001276305853771, "AUC": 0.9897832817337461}