{"accuracy": 0.9726775956284153, "precision": 0.6296296296296297, "recall": 0.6938775510204082, "f1": 0.6601941747572816, "f2": 0.68, "PRAUC": 0.7380390965243036, "AUC": 0.9826398091704214, "best_threshold": 0.9999839067459106}