{"accuracy": 0.9679937548790007, "precision": 0.5441176470588235, "recall": 0.7872340425531915, "f1": 0.6434782608695652, "f2": 0.72265625, "PRAUC": 0.5900742071985409, "AUC": 0.9747577502672505}