{"accuracy": 0.9016393442622951, "precision": 0.26627218934911245, "recall": 0.9574468085106383, "f1": 0.4166666666666667, "f2": 0.6302521008403361, "PRAUC": 0.5900919358089723, "AUC": 0.9747749922411117}