{"accuracy": 0.9861191440138809, "precision": 0.6458333333333334, "recall": 0.8157894736842105, "f1": 0.7209302325581395, "PRAUC": 0.6775174993682961, "eval_set": 136, "test_set": 1729, "best_threshold": 0.9999469518661499}