{"accuracy": 0.9000780640124902, "precision": 0.13513513513513514, "recall": 1.0, "f1": 0.23809523809523808, "f2": 0.43859649122807015, "PRAUC": 0.44546707018110315, "AUC": 0.9785091197462332, "best_threshold": 0.8067302703857422}