{"accuracy": 0.9391100702576113, "precision": 0.7283950617283951, "recall": 0.9365079365079365, "f1": 0.8194444444444444, "f2": 0.8858858858858859, "PRAUC": 0.7714057248688582, "AUC": 0.9612768184196755, "best_threshold": 0.9999960660934448}