{"accuracy": 0.9691516709511568, "precision": 0.788235294117647, "recall": 0.9178082191780822, "f1": 0.8481012658227848, "f2": 0.8885941644562334, "PRAUC": 0.7737466737244526, "AUC": 0.9702419119790149}