{"accuracy": 0.9742388758782201, "precision": 0.6323529411764706, "recall": 0.8431372549019608, "f1": 0.7226890756302521, "f2": 0.7904411764705882, "PRAUC": 0.7358024151455415, "AUC": 0.9863860991551092}