{"accuracy": 0.9765807962529274, "precision": 0.691358024691358, "recall": 0.9180327868852459, "f1": 0.7887323943661971, "f2": 0.8615384615384616, "PRAUC": 0.8718976617032262, "AUC": 0.9923273313625369}