{"accuracy": 0.9560776302349336, "precision": 0.5760869565217391, "recall": 0.9298245614035088, "f1": 0.7114093959731543, "f2": 0.828125, "PRAUC": 0.7906694862649841, "AUC": 0.9733321916504928, "best_threshold": 0.9998961687088013}