{"accuracy": 0.9427987742594485, "precision": 0.5046728971962616, "recall": 0.9473684210526315, "f1": 0.6585365853658537, "f2": 0.8059701492537313, "PRAUC": 0.8452399924016841, "AUC": 0.9752254823609999, "best_threshold": 0.9333365559577942}