{"accuracy": 0.9882903981264637, "precision": 1.0, "recall": 0.7, "f1": 0.8235294117647058, "f2": 0.7446808510638298, "PRAUC": 0.9231225604996098, "AUC": 0.96}