{"accuracy": 0.9914129586260734, "precision": 1.0, "recall": 0.78, "f1": 0.8764044943820225, "f2": 0.8158995815899581, "PRAUC": 0.9231225604996098, "AUC": 0.96}