{"accuracy": 0.8516783762685401, "precision": 0.11538461538461539, "recall": 0.8, "f1": 0.20168067226890757, "f2": 0.36585365853658536, "PRAUC": 0.18613744067436033, "AUC": 0.8686917132960298, "best_threshold": 0.32266804575920105}