{"accuracy": 0.9141295862607338, "precision": 0.9508196721311475, "recall": 0.6327272727272727, "f1": 0.759825327510917, "f2": 0.6780982073265783, "PRAUC": 0.7016972288658112, "AUC": 0.8259461413338154}