{"accuracy": 0.9594067135050741, "precision": 0.6551724137931034, "recall": 0.3114754098360656, "f1": 0.4222222222222222, "f2": 0.34798534798534797, "PRAUC": 0.3148324718705318, "AUC": 0.569403386186509}