{"accuracy": 0.9878542510121457, "precision": 0.6818181818181818, "recall": 0.8108108108108109, "f1": 0.7407407407407407, "PRAUC": 0.7841082869455738}