{"accuracy": 0.9844031193761248, "precision": 0.4583333333333333, "recall": 0.4583333333333333, "f1": 0.4583333333333333, "PRAUC": 0.26226624681333244, "eval_set": 234, "test_set": 1667, "best_threshold": 0.9560977816581726}