{"accuracy": 0.9898516783762685, "precision": 1.0, "recall": 0.7450980392156863, "f1": 0.8539325842696629, "f2": 0.7851239669421488, "PRAUC": 0.8305551728888277, "AUC": 0.9117647058823529}