{"accuracy": 0.9926275434974934, "precision": 0.9013452914798207, "recall": 0.9852941176470589, "f1": 0.9414519906323185, "PRAUC": 0.9528415813398166, "best_threshold": 0.3289204239845276}