{"accuracy": 0.9688062387522496, "precision": 0.0, "recall": 0.0, "f1": 0.0, "PRAUC": 0.6425981090290541}