{"accuracy": 0.9540347293156282, "precision": 0.4155844155844156, "recall": 1.0, "f1": 0.5871559633027523, "f2": 0.7804878048780488, "PRAUC": 0.91024547853025, "AUC": 0.9958421330517423, "best_threshold": 0.6862106323242188}