{"accuracy": 0.9461358313817331, "precision": 0.7678571428571429, "recall": 0.91005291005291, "f1": 0.8329297820823245, "f2": 0.8775510204081632, "PRAUC": 0.8258114391132172, "AUC": 0.940653041843518}