{"accuracy": 0.804839968774395, "precision": 0.08955223880597014, "recall": 0.8, "f1": 0.1610738255033557, "f2": 0.30927835051546393, "PRAUC": 0.1560880540410659, "AUC": 0.8198507860378363, "best_threshold": 0.24796810746192932}