{"accuracy": 0.9750195160031225, "precision": 0.68, "recall": 0.68, "f1": 0.68, "f2": 0.68, "PRAUC": 0.7122493844693809, "AUC": 0.9796263200649877, "best_threshold": 0.9999853372573853}