{"accuracy": 0.9880023995200959, "precision": 0.8333333333333334, "recall": 0.20833333333333334, "f1": 0.3333333333333333, "PRAUC": 0.4476494145124593}