{"accuracy": 0.9870588235294118, "precision": 0.7647058823529411, "recall": 0.896551724137931, "f1": 0.8253968253968254, "PRAUC": 0.8843838704164922, "best_threshold": 0.9557787179946899}