{"accuracy": 0.9908069458631257, "precision": 0.8378378378378378, "recall": 0.9117647058823529, "f1": 0.8732394366197183, "f2": 0.8959537572254336, "PRAUC": 0.8184610639116006, "AUC": 0.9810301898537193}