{"accuracy": 0.989010989010989, "precision": 0.0, "recall": 0.0, "f1": 0.0, "PRAUC": 0.01098901098901099}