{"accuracy": 0.9601873536299765, "precision": 0.39759036144578314, "recall": 0.9705882352941176, "f1": 0.5641025641025641, "f2": 0.7534246575342466, "PRAUC": 0.643874786029358, "AUC": 0.9682296334732771, "best_threshold": 0.9903509020805359}