{"accuracy": 0.9877425944841676, "precision": 0.7380952380952381, "recall": 0.96875, "f1": 0.8378378378378378, "f2": 0.9117647058823529, "PRAUC": 0.8447025055646215, "AUC": 0.99495116156283, "best_threshold": 0.9915775060653687}