{"accuracy": 0.9601634320735445, "precision": 0.2641509433962264, "recall": 1.0, "f1": 0.417910447761194, "f2": 0.6422018348623854, "PRAUC": 0.645920787946251, "AUC": 0.9910436713545521, "best_threshold": 0.4650358557701111}