{"accuracy": 0.9516003122560499, "precision": 0.35106382978723405, "recall": 0.9705882352941176, "f1": 0.515625, "f2": 0.717391304347826, "PRAUC": 0.7036778059998822, "AUC": 0.9730883532242086, "best_threshold": 0.9224031567573547}