{"accuracy": 0.9948927477017364, "precision": 0.9142857142857143, "recall": 0.9411764705882353, "f1": 0.927536231884058, "f2": 0.935672514619883, "PRAUC": 0.9443112641194757, "AUC": 0.9975101151571739, "best_threshold": 0.9998313188552856}