{"accuracy": 0.990632318501171, "precision": 0.9230769230769231, "recall": 0.7058823529411765, "f1": 0.8, "f2": 0.7407407407407407, "PRAUC": 0.9349257563268757, "AUC": 0.9845157790461815}