{"accuracy": 0.8321623731459797, "precision": 0.07423580786026202, "recall": 0.85, "f1": 0.13654618473895583, "f2": 0.2750809061488673, "PRAUC": 0.21392784717566346, "AUC": 0.9057097541633624, "best_threshold": 0.6394109129905701}