{"accuracy": 0.9826292086639502, "precision": 0.4636363636363636, "recall": 0.6986301369863014, "f1": 0.5573770491803278, "PRAUC": 0.48132771858230516, "eval_set": 802, "test_set": 4663, "best_threshold": 0.9944883584976196}