{"accuracy": 0.9317647058823529, "precision": 0.7378277153558053, "recall": 0.8106995884773662, "f1": 0.7725490196078432, "PRAUC": 0.7720252841152385, "best_threshold": 0.997158408164978}