{"accuracy": 0.8580183861082737, "precision": 0.3459715639810427, "recall": 0.9864864864864865, "f1": 0.512280701754386, "f2": 0.7199211045364892, "PRAUC": 0.7989976748811694, "AUC": 0.9726817978199194, "best_threshold": 0.0004401948826853186}