{"accuracy": 0.85198342214328, "precision": 0.8712051517939282, "recall": 0.8959318826868495, "f1": 0.8833955223880597, "PRAUC": 0.9318125210371381, "best_threshold": 2.904690745708649e-06}