{"accuracy": 0.9265502709211318, "precision": 1.0, "recall": 0.8839200761179828, "f1": 0.9383838383838384, "f2": 0.9049288914864602, "PRAUC": 1.0, "AUC": 1.0}