{"accuracy": 0.9683350357507661, "precision": 0.3111111111111111, "recall": 1.0, "f1": 0.4745762711864407, "f2": 0.693069306930693, "PRAUC": 0.43198174132919986, "AUC": 0.9888230940044411, "best_threshold": 0.9224740266799927}