{"accuracy": 0.9213483146067416, "precision": 0.421875, "recall": 0.9473684210526315, "f1": 0.5837837837837838, "f2": 0.7584269662921348, "PRAUC": 0.8332190745717086, "AUC": 0.9826844769189785, "best_threshold": 0.9823541641235352}