{"accuracy": 0.9890534449452673, "precision": 0.5625, "recall": 0.47368421052631576, "f1": 0.5142857142857142, "PRAUC": 0.3820815863188694, "best_threshold": 0.9643617868423462}