{"accuracy": 0.9810538780343399, "precision": 0.2777777777777778, "recall": 0.20833333333333334, "f1": 0.23809523809523808, "PRAUC": 0.13731557021726126, "best_threshold": 0.9301072955131531}