{"accuracy": 0.9524382901866345, "precision": 0.3247863247863248, "recall": 1.0, "f1": 0.49032258064516127, "f2": 0.7063197026022305, "PRAUC": 0.6967505674377549, "AUC": 0.9906929986704284, "best_threshold": 0.9874869585037231}