{"accuracy": 0.8127633955448526, "precision": 0.8211805555555556, "recall": 0.9000951474785919, "f1": 0.8588288697231049, "f2": 0.8831217326362958, "PRAUC": 0.9302554570112072, "AUC": 0.8883904478170673, "best_threshold": 0.001430239761248231}