{"accuracy": 0.8202247191011236, "precision": 0.06451612903225806, "recall": 0.8571428571428571, "f1": 0.12, "f2": 0.24793388429752067, "PRAUC": 0.12075303882355283, "AUC": 0.8644707623982235, "best_threshold": 0.26534491777420044}