{"accuracy": 0.8018386108273748, "precision": 0.0673076923076923, "recall": 1.0, "f1": 0.12612612612612611, "f2": 0.26515151515151514, "PRAUC": 0.12323834121432958, "AUC": 0.9145817912657291, "best_threshold": 0.8167070746421814}