{"accuracy": 0.9966101694915255, "precision": 0.0, "recall": 0.0, "f1": 0.0, "PRAUC": 0.003389830508474576}