{"accuracy": 0.9785495403472931, "precision": 0.2962962962962963, "recall": 0.8, "f1": 0.43243243243243246, "f2": 0.5970149253731343, "PRAUC": 0.6311962756344779, "AUC": 0.9378224974200207}