{"accuracy": 0.9948927477017364, "precision": 0.8571428571428571, "recall": 0.6, "f1": 0.7058823529411765, "f2": 0.6382978723404256, "PRAUC": 0.6439196442199154, "AUC": 0.9389576883384932}