{"accuracy": 0.9718056388722256, "precision": 0.45, "recall": 0.6585365853658537, "f1": 0.5346534653465347, "PRAUC": 0.36018509553303285, "eval_set": 234, "test_set": 1667, "best_threshold": 0.9992327690124512}