{"accuracy": 0.9601634320735445, "precision": 0.5662650602409639, "recall": 0.94, "f1": 0.706766917293233, "f2": 0.8303886925795053, "PRAUC": 0.7882759710382049, "AUC": 0.978719052744887, "best_threshold": 0.43280285596847534}