{"accuracy": 0.9633099141295862, "precision": 0.697986577181208, "recall": 0.9811320754716981, "f1": 0.8156862745098039, "f2": 0.9075043630017452, "PRAUC": 0.8156033371682266, "AUC": 0.9846366920915295}