{"accuracy": 0.9552649690295939, "precision": 0.44776119402985076, "recall": 0.5172413793103449, "f1": 0.48, "PRAUC": 0.48709540901212717}