{"accuracy": 0.9468845760980592, "precision": 0.4891304347826087, "recall": 0.9, "f1": 0.6338028169014085, "f2": 0.7705479452054794, "PRAUC": 0.8423960397410131, "AUC": 0.958697524219591}