{"accuracy": 0.9601873536299765, "precision": 0.28169014084507044, "recall": 1.0, "f1": 0.43956043956043955, "f2": 0.6622516556291391, "PRAUC": 0.5782770339260865, "AUC": 0.9912371134020619, "best_threshold": 0.8244652152061462}