{"accuracy": 0.9929224417575936, "precision": 0.3181818181818182, "recall": 0.4375, "f1": 0.3684210526315789, "PRAUC": 0.22232613628864578, "best_threshold": 0.7771119475364685}