{"accuracy": 0.9584587597832631, "precision": 0.4766355140186916, "recall": 0.796875, "f1": 0.5964912280701754, "f2": 0.7024793388429752, "PRAUC": 0.5951457715833176, "AUC": 0.9769783187226049}