{"accuracy": 0.9406713505074161, "precision": 0.1111111111111111, "recall": 0.4, "f1": 0.17391304347826086, "f2": 0.2631578947368421, "PRAUC": 0.08702139955547235, "AUC": 0.8963719270420301, "best_threshold": 0.9999470710754395}