{"accuracy": 0.9164715066354411, "precision": 0.6413793103448275, "recall": 0.9841269841269841, "f1": 0.7766179540709812, "f2": 0.8891013384321224, "PRAUC": 0.8658060144903755, "AUC": 0.9734698722793961}