{"accuracy": 0.9499489274770173, "precision": 0.6190476190476191, "recall": 0.8783783783783784, "f1": 0.7262569832402235, "f2": 0.8104738154613467, "PRAUC": 0.7966855041429409, "AUC": 0.9478945796625354, "best_threshold": 0.055032964795827866}