{"accuracy": 0.9063231850117096, "precision": 0.7066666666666667, "recall": 0.9636363636363636, "f1": 0.8153846153846154, "f2": 0.8983050847457628, "PRAUC": 0.7970278138058857, "AUC": 0.9523730345201518, "best_threshold": 0.0005449079908430576}