{"accuracy": 0.9781068898905344, "precision": 0.5869565217391305, "recall": 0.6428571428571429, "f1": 0.6136363636363636, "PRAUC": 0.6259257651535943, "best_threshold": 0.9971221089363098}