{"accuracy": 0.9828259172521467, "precision": 0.7659574468085106, "recall": 0.7659574468085106, "f1": 0.7659574468085106, "f2": 0.7659574468085106, "PRAUC": 0.8107551063275636, "AUC": 0.9891806614021174, "best_threshold": 0.9998705387115479}