{"accuracy": 0.9538461538461539, "precision": 0.5205479452054794, "recall": 0.9743589743589743, "f1": 0.6785714285714286, "f2": 0.8296943231441049, "PRAUC": 0.8625874302754833, "AUC": 0.9900169556040002, "best_threshold": 0.996138870716095}