{"accuracy": 0.9775280898876404, "precision": 0.4270833333333333, "recall": 0.6833333333333333, "f1": 0.5256410256410257, "PRAUC": 0.5071208711785585, "best_threshold": 0.9994657635688782}