{"accuracy": 0.9608669476219145, "precision": 0.49206349206349204, "recall": 0.484375, "f1": 0.4881889763779528, "f2": 0.48589341692789967, "PRAUC": 0.41881531579436343, "AUC": 0.9557764558547276, "best_threshold": 0.9999818801879883}