{"accuracy": 0.9297423887587822, "precision": 0.2222222222222222, "recall": 0.8, "f1": 0.34782608695652173, "f2": 0.5263157894736842, "PRAUC": 0.25834128536335765, "AUC": 0.9368238742339462, "best_threshold": 0.9688240885734558}