{"accuracy": 0.982635342185904, "precision": 0.673469387755102, "recall": 0.9705882352941176, "f1": 0.7951807228915663, "f2": 0.8918918918918919, "PRAUC": 0.9511024145788958, "AUC": 0.9831154684095862}