{"accuracy": 0.9458631256384066, "precision": 0.4842105263157895, "recall": 0.92, "f1": 0.6344827586206897, "f2": 0.7796610169491526, "PRAUC": 0.8501062090790147, "AUC": 0.9629386437029062, "best_threshold": 0.9618645310401917}