{"accuracy": 0.9992193598750976, "precision": 1.0, "recall": 0.9836065573770492, "f1": 0.9917355371900827, "f2": 0.9868421052631579, "PRAUC": 1.0, "AUC": 1.0}