{"accuracy": 0.9562841530054644, "precision": 0.16666666666666666, "recall": 0.45, "f1": 0.24324324324324326, "f2": 0.3358208955223881, "PRAUC": 0.21854218631494923, "AUC": 0.8953211736716891}