{"accuracy": 0.9781420765027322, "precision": 0.6455696202531646, "recall": 1.0, "f1": 0.7846153846153846, "f2": 0.901060070671378, "PRAUC": 0.8769192709279088, "AUC": 0.9955683086242627, "best_threshold": 0.9957799911499023}