{"accuracy": 0.9632277834525026, "precision": 0.4857142857142857, "recall": 1.0, "f1": 0.6538461538461539, "f2": 0.8252427184466019, "PRAUC": 0.8230191303787966, "AUC": 0.9957671957671957}