{"accuracy": 0.9754049190161967, "precision": 0.0, "recall": 0.0, "f1": 0.0, "PRAUC": 0.5422999672100695}