{"accuracy": 0.9530132788559755, "precision": 0.5232558139534884, "recall": 0.9, "f1": 0.6617647058823529, "f2": 0.7867132867132867, "PRAUC": 0.8296663975932966, "AUC": 0.9523896663078579}