{"accuracy": 0.9305413687436159, "precision": 0.3010752688172043, "recall": 0.9032258064516129, "f1": 0.45161290322580644, "f2": 0.6451612903225806, "PRAUC": 0.6117910327509324, "AUC": 0.9463726691166463}