{"accuracy": 0.9633099141295862, "precision": 0.4155844155844156, "recall": 0.9411764705882353, "f1": 0.5765765765765766, "f2": 0.7511737089201878, "PRAUC": 0.5552492231477906, "AUC": 0.9632058115948865, "best_threshold": 0.9959491491317749}