{"accuracy": 0.8663455749548464, "precision": 0.902818270165209, "recall": 0.8839200761179828, "f1": 0.8932692307692308, "f2": 0.8876361551691191, "PRAUC": 0.9545396353813063, "AUC": 0.9147002854424358, "best_threshold": 0.005895373411476612}