{"accuracy": 0.9750195160031225, "precision": 0.7761194029850746, "recall": 0.9811320754716981, "f1": 0.8666666666666667, "f2": 0.931899641577061, "PRAUC": 0.8951894290875643, "AUC": 0.9932155760738659, "best_threshold": 0.9999462366104126}