{"accuracy": 0.982635342185904, "precision": 0.6666666666666666, "recall": 1.0, "f1": 0.8, "f2": 0.9090909090909091, "PRAUC": 0.9436551918751372, "AUC": 0.9979458450046685, "best_threshold": 0.9301936030387878}