{"accuracy": 0.9524382901866345, "precision": 0.4552238805970149, "recall": 0.9104477611940298, "f1": 0.6069651741293532, "f2": 0.7587064676616916, "PRAUC": 0.6508638501743315, "AUC": 0.9654628363827038}