{"accuracy": 0.9305413687436159, "precision": 0.32, "recall": 1.0, "f1": 0.48484848484848486, "f2": 0.7017543859649122, "PRAUC": 0.8072906970622961, "AUC": 0.9926247360084478, "best_threshold": 0.9878474473953247}