{"accuracy": 0.9686935580975317, "precision": 0.0851063829787234, "recall": 0.3076923076923077, "f1": 0.13333333333333333, "f2": 0.20202020202020202, "PRAUC": 0.069374548686089, "AUC": 0.8852221807318895, "best_threshold": 0.9996768236160278}