{"accuracy": 0.9149102263856362, "precision": 0.310126582278481, "recall": 1.0, "f1": 0.47342995169082125, "f2": 0.692090395480226, "PRAUC": 0.6670195851949003, "AUC": 0.9825072886297377, "best_threshold": 0.9937378168106079}