{"accuracy": 0.9914129586260734, "precision": 0.9032258064516129, "recall": 0.9180327868852459, "f1": 0.9105691056910569, "f2": 0.9150326797385621, "PRAUC": 0.9302664045985878, "AUC": 0.9964660037624296}