{"accuracy": 0.9812646370023419, "precision": 1.0, "recall": 0.52, "f1": 0.6842105263157895, "f2": 0.5752212389380531, "PRAUC": 0.9231225604996098, "AUC": 0.96}