{"accuracy": 0.9633099141295862, "precision": 0.22641509433962265, "recall": 0.6666666666666666, "f1": 0.3380281690140845, "f2": 0.48, "PRAUC": 0.20110553014730462, "AUC": 0.9388580980029911}