{"accuracy": 0.9816138917262512, "precision": 0.6458333333333334, "recall": 0.96875, "f1": 0.775, "f2": 0.8806818181818182, "PRAUC": 0.8942080458331034, "AUC": 0.9944561774023232, "best_threshold": 0.9942975640296936}