{"accuracy": 0.9640102827763496, "precision": 0.0, "recall": 0.0, "f1": 0.0, "f2": 0.0, "PRAUC": 0.03598971722365039, "AUC": 0.5}