{"HeRo": {"CONFESSION": 0.7506821021670594, "TYPE_WEP": 0.7086953996435145, "HELD_WAY": 0.42349436507685984, "AMMU_AMOUNT_WEP": 0.7439704919585732, "PURPOSE": 0.04943538693255951, "GENERAL_CIRCUM": 0.7697595273647264, "STATUS_WEP": 0.4577776853096872, "REGRET": 0.1648629665881204, "PUNISHMENT": 0.45852427044752786}, "multilingual": {"CONFESSION": 0.31745171245542675, "TYPE_WEP": 0.6454159677955642, "HELD_WAY": 0.40613557632563035, "AMMU_AMOUNT_WEP": 0.46209645343918787, "PURPOSE": 0.03795757336662549, "GENERAL_CIRCUM": 0.6570367085573183, "STATUS_WEP": 0.35223824937200293, "REGRET": 0.031919867059692714, "PUNISHMENT": 0.4308100530099711}, "dictabert": {"CONFESSION": 0.8144940639939203, "TYPE_WEP": 0.766670274197225, "HELD_WAY": 0.47828503036730285, "AMMU_AMOUNT_WEP": 0.5894990825418391, "PURPOSE": 0.057403714487162284, "GENERAL_CIRCUM": 0.8121392870186358, "STATUS_WEP": 0.33090358229714756, "REGRET": 0.04292979248884808, "PUNISHMENT": 0.6418859045155012}, "Legal-heBERT": {"CONFESSION": 0.5457512471058747, "TYPE_WEP": 0.4778987261148595, "HELD_WAY": 0.33799665029935716, "AMMU_AMOUNT_WEP": 0.47194502285368406, "PURPOSE": 0.038916727781904845, "GENERAL_CIRCUM": 0.5399608319710524, "STATUS_WEP": 0.3041807569472989, "REGRET": 0.03919498999173775, "PUNISHMENT": 0.6236519685868335}, "heBERT": {"CONFESSION": 0.7105686585362678, "TYPE_WEP": 0.7768519527386712, "HELD_WAY": 0.49281375016735013, "AMMU_AMOUNT_WEP": 0.541200388386207, "PURPOSE": 0.03622530972577829, "GENERAL_CIRCUM": 0.74329938601907, "STATUS_WEP": 0.22277147709743222, "REGRET": 0.01611500565102712, "PUNISHMENT": 0.6256611012144169}, "alephbert-base": {"CONFESSION": 0.6652608490980054, "TYPE_WEP": 0.7351964898253103, "HELD_WAY": 0.4701029619965588, "AMMU_AMOUNT_WEP": 0.6592768729521595, "PURPOSE": 0.0747245684721591, "GENERAL_CIRCUM": 0.7137296300694512, "STATUS_WEP": 0.3354082200840923, "REGRET": 0.06757103160460971, "PUNISHMENT": 0.6139138292173772}}