{"accuracy": 0.8836846213895394, "precision": 0.23979591836734693, "recall": 1.0, "f1": 0.3868312757201646, "f2": 0.6119791666666666, "PRAUC": 0.6529604435402018, "AUC": 0.9769992068692024, "best_threshold": 0.08860038220882416}