{"accuracy": 0.9550089982003599, "precision": 0.7239263803680982, "recall": 0.7972972972972973, "f1": 0.7588424437299035, "PRAUC": 0.7477562244300529, "eval_set": 234, "test_set": 1667, "best_threshold": 0.9999806880950928}