{"accuracy": 0.9730077120822622, "precision": 0.676056338028169, "recall": 0.7164179104477612, "f1": 0.6956521739130435, "f2": 0.7079646017699115, "PRAUC": 0.701461074457744, "AUC": 0.9835560277858525}