{"accuracy": 0.990632318501171, "precision": 0.9, "recall": 0.45, "f1": 0.6, "f2": 0.5, "PRAUC": 0.6137723910879649, "AUC": 0.8492466296590008}