{"accuracy": 0.9346271705822268, "precision": 0.4700854700854701, "recall": 0.9649122807017544, "f1": 0.632183908045977, "f2": 0.7971014492753623, "PRAUC": 0.768298292614603, "AUC": 0.9780606614149256, "best_threshold": 0.9970345497131348}