{"accuracy": 0.9489274770173647, "precision": 0.21875, "recall": 1.0, "f1": 0.358974358974359, "f2": 0.5833333333333334, "PRAUC": 0.42562218504700766, "AUC": 0.9851221317542562, "best_threshold": 0.8098142147064209}