{"accuracy": 0.9898516783762685, "precision": 0.6470588235294118, "recall": 0.6111111111111112, "f1": 0.6285714285714286, "f2": 0.6179775280898876, "PRAUC": 0.6451785225868263, "AUC": 0.9270695874021289}