{"accuracy": 0.9960967993754879, "precision": 0.9393939393939394, "recall": 0.9117647058823529, "f1": 0.9253731343283582, "f2": 0.9171597633136095, "PRAUC": 0.9349257563268757, "AUC": 0.9845157790461815}