{"accuracy": 0.8835546475995915, "precision": 0.2097902097902098, "recall": 0.967741935483871, "f1": 0.3448275862068966, "f2": 0.5617977528089888, "PRAUC": 0.47036227569773825, "AUC": 0.9643732135565537, "best_threshold": 0.8976351618766785}