{"accuracy": 0.983744732089103, "precision": 0.4375, "recall": 0.6086956521739131, "f1": 0.509090909090909, "f2": 0.5645161290322581, "PRAUC": 0.4071672268012799, "AUC": 0.9733503211764081, "best_threshold": 0.9999988079071045}