{"accuracy": 0.9832904884318766, "precision": 0.0, "recall": 0.0, "f1": 0.0, "f2": 0.0, "PRAUC": 0.016709511568123392, "AUC": 0.5}