{"accuracy": 0.9430132708821234, "precision": 0.38613861386138615, "recall": 0.78, "f1": 0.5165562913907285, "f2": 0.6478405315614618, "PRAUC": 0.47738159827517096, "AUC": 0.8984240454914704}