{"accuracy": 0.9867211440245148, "precision": 0.7209302325581395, "recall": 0.96875, "f1": 0.8266666666666667, "f2": 0.9064327485380117, "PRAUC": 0.8276308988443292, "AUC": 0.994324181626188, "best_threshold": 0.9907863140106201}