{"accuracy": 0.9499489274770173, "precision": 0.6237623762376238, "recall": 0.8513513513513513, "f1": 0.72, "f2": 0.7934508816120907, "PRAUC": 0.7425094619024414, "AUC": 0.9531282663879349, "best_threshold": 0.9995655417442322}