{"accuracy": 0.9072847682119205, "precision": 0.2422680412371134, "recall": 0.8703703703703703, "f1": 0.3790322580645161, "f2": 0.573170731707317, "PRAUC": 0.537457499799371, "AUC": 0.9654578349351217}