{"accuracy": 0.892271662763466, "precision": 0.6743002544529262, "recall": 0.9636363636363636, "f1": 0.7934131736526946, "f2": 0.8874748827863362, "PRAUC": 0.84693820940704, "AUC": 0.9531953732152539}