{"accuracy": 0.985167837626854, "precision": 0.859504132231405, "recall": 0.9811320754716981, "f1": 0.9162995594713657, "f2": 0.9541284403669725, "PRAUC": 0.888993949889301, "AUC": 0.9933560818948214}