{"accuracy": 0.8719750195160031, "precision": 0.1683673469387755, "recall": 0.9705882352941176, "f1": 0.28695652173913044, "f2": 0.49698795180722893, "PRAUC": 0.596816286229675, "AUC": 0.9739846219161281, "best_threshold": 0.0007477571489289403}