{"accuracy": 0.9875097580015613, "precision": 1.0, "recall": 0.673469387755102, "f1": 0.8048780487804879, "f2": 0.7205240174672489, "PRAUC": 0.744842199174752, "AUC": 0.8673469387755102}