{"accuracy": 0.9898516783762685, "precision": 1.0, "recall": 0.7346938775510204, "f1": 0.8470588235294118, "f2": 0.7758620689655172, "PRAUC": 0.744842199174752, "AUC": 0.8673469387755102}