{"accuracy": 0.9133489461358314, "precision": 0.9505494505494505, "recall": 0.6290909090909091, "f1": 0.7571115973741794, "f2": 0.6747269890795632, "PRAUC": 0.7016972288658112, "AUC": 0.8259461413338154}