{"accuracy": 0.9446116797110174, "precision": 0.7287066246056783, "recall": 0.9746835443037974, "f1": 0.8339350180505415, "f2": 0.9130434782608695, "PRAUC": 0.8124068228816693, "AUC": 0.9747413241359694, "best_threshold": 0.40687188506126404}