{"accuracy": 0.9078844652615145, "precision": 0.7302052785923754, "recall": 0.9054545454545454, "f1": 0.8084415584415584, "f2": 0.8639833448993754, "PRAUC": 0.7552173633658362, "AUC": 0.9350984999096332, "best_threshold": 0.9999784231185913}