{"accuracy": 0.9679937548790007, "precision": 1.0, "recall": 0.783068783068783, "f1": 0.8783382789317508, "f2": 0.8185840707964602, "PRAUC": 0.9223700673280502, "AUC": 0.9547115142353237}