{"accuracy": 0.9773614363778298, "precision": 0.808, "recall": 0.9528301886792453, "f1": 0.8744588744588745, "f2": 0.9198542805100182, "PRAUC": 0.8424737443422369, "AUC": 0.990726615816941}