{"accuracy": 0.9664324746291959, "precision": 0.7142857142857143, "recall": 0.9905660377358491, "f1": 0.8300395256916996, "f2": 0.9194395796847635, "PRAUC": 0.8426992571664327, "AUC": 0.9907667603372139}