{"accuracy": 0.994535519125683, "precision": 1.0, "recall": 0.7666666666666667, "f1": 0.8679245283018868, "f2": 0.8041958041958042, "PRAUC": 0.8372365339578455, "AUC": 0.9166666666666667}