{"accuracy": 0.9890710382513661, "precision": 1.0, "recall": 0.5333333333333333, "f1": 0.6956521739130435, "f2": 0.5882352941176471, "PRAUC": 0.8372365339578455, "AUC": 0.9166666666666667}