{"accuracy": 0.9836065573770492, "precision": 0.6666666666666666, "recall": 0.7647058823529411, "f1": 0.7123287671232876, "f2": 0.7428571428571429, "PRAUC": 0.7036778059998823, "AUC": 0.9730883532242087}