{"accuracy": 0.9656518345042935, "precision": 0.3064516129032258, "recall": 0.95, "f1": 0.4634146341463415, "f2": 0.6690140845070423, "PRAUC": 0.5400491397981217, "AUC": 0.9875495638382237, "best_threshold": 0.764880895614624}