{"accuracy": 0.9867291178766588, "precision": 0.8148148148148148, "recall": 0.8627450980392157, "f1": 0.8380952380952381, "f2": 0.8527131782945736, "PRAUC": 0.8469606542849081, "AUC": 0.9935756416387692, "best_threshold": 0.9999886751174927}