{"accuracy": 0.9929742388758782, "precision": 0.8666666666666667, "recall": 0.8387096774193549, "f1": 0.8524590163934426, "f2": 0.8441558441558441, "PRAUC": 0.9283418255302531, "AUC": 0.9977548387096774}