{"accuracy": 0.9328649492583919, "precision": 0.14130434782608695, "recall": 0.65, "f1": 0.23214285714285715, "f2": 0.37790697674418605, "PRAUC": 0.21392784717566346, "AUC": 0.9057097541633624}