{"accuracy": 0.9656518345042935, "precision": 0.5176470588235295, "recall": 0.9361702127659575, "f1": 0.6666666666666666, "f2": 0.8058608058608059, "PRAUC": 0.6578740757868445, "AUC": 0.9871202455257078}