{"accuracy": 0.9887640449438202, "precision": 0.7674418604651163, "recall": 0.9705882352941176, "f1": 0.8571428571428571, "f2": 0.9217877094972067, "PRAUC": 0.8788030700498515, "AUC": 0.9848428260192966, "best_threshold": 0.9967189431190491}