{"accuracy": 0.8845760980592441, "precision": 0.20714285714285716, "recall": 0.9354838709677419, "f1": 0.3391812865497076, "f2": 0.5492424242424242, "PRAUC": 0.532588198614868, "AUC": 0.9629440587995101, "best_threshold": 0.9902814626693726}