{"accuracy": 0.9346271705822268, "precision": 0.3146067415730337, "recall": 0.9032258064516129, "f1": 0.4666666666666667, "f2": 0.6572769953051644, "PRAUC": 0.6041052354323486, "AUC": 0.9668572206342725, "best_threshold": 0.9962705373764038}