{"accuracy": 0.9785495403472931, "precision": 0.7636363636363637, "recall": 0.84, "f1": 0.8, "f2": 0.8235294117647058, "PRAUC": 0.7653302193080289, "AUC": 0.9219913885898816}