{"accuracy": 0.9438202247191011, "precision": 0.4731182795698925, "recall": 0.88, "f1": 0.6153846153846154, "f2": 0.7508532423208191, "PRAUC": 0.7767387987726853, "AUC": 0.9315823466092573}