{"accuracy": 0.9928952042628775, "precision": 0.8953488372093024, "recall": 0.9625, "f1": 0.927710843373494, "PRAUC": 0.9600326056973942, "best_threshold": 0.9918996095657349}