{"accuracy": 0.9859484777517564, "precision": 0.53125, "recall": 0.85, "f1": 0.6538461538461539, "f2": 0.7589285714285714, "PRAUC": 0.6824910660884659, "AUC": 0.9913560666137986, "best_threshold": 0.9997811913490295}