{"accuracy": 0.990632318501171, "precision": 0.9, "recall": 0.45, "f1": 0.6, "f2": 0.5, "PRAUC": 0.6742088990244728, "AUC": 0.8494448850118953}