{"accuracy": 0.9914129586260734, "precision": 0.9090909090909091, "recall": 0.5, "f1": 0.6451612903225806, "f2": 0.5494505494505495, "PRAUC": 0.6742088990244728, "AUC": 0.8494448850118953}