{"accuracy": 0.982635342185904, "precision": 0.673469387755102, "recall": 0.9705882352941176, "f1": 0.7951807228915663, "f2": 0.8918918918918919, "PRAUC": 0.8281923016239908, "AUC": 0.9949579831932773, "best_threshold": 0.997734785079956}