{"accuracy": 0.9781491002570694, "precision": 0.0, "recall": 0.0, "f1": 0.0, "f2": 0.0, "PRAUC": 0.021850899742930592, "AUC": 0.5}