{"accuracy": 0.9488260084286574, "precision": 0.75, "recall": 0.9620253164556962, "f1": 0.8428835489833642, "PRAUC": 0.6952505521940653, "eval_set": 89, "test_set": 1661, "best_threshold": 0.9999983310699463}