{"accuracy": 0.9939795304033715, "precision": 1.0, "recall": 0.5652173913043478, "f1": 0.7222222222222222, "f2": 0.6190476190476191, "PRAUC": 1.0, "AUC": 1.0}