{"accuracy": 0.9530403371462974, "precision": 0.7676767676767676, "recall": 0.9620253164556962, "f1": 0.8539325842696629, "f2": 0.9156626506024096, "PRAUC": 0.8039023788535298, "AUC": 0.9693366875266677}