{"accuracy": 0.9633099141295862, "precision": 0.0, "recall": 0.0, "f1": 0.0, "f2": 0.0, "PRAUC": 0.03669008587041374, "AUC": 0.5}