{"accuracy": 0.985167837626854, "precision": 1.0, "recall": 0.6274509803921569, "f1": 0.7710843373493976, "f2": 0.6779661016949152, "PRAUC": 0.8305551728888277, "AUC": 0.9117647058823529}