{"accuracy": 0.9628994209736221, "precision": 0.8748221906116643, "recall": 0.8785714285714286, "f1": 0.8766928011404134, "PRAUC": 0.8575256418836448, "eval_set": 802, "test_set": 4663, "best_threshold": 0.9999955892562866}