{"accuracy": 0.9929742388758782, "precision": 1.0, "recall": 0.8235294117647058, "f1": 0.9032258064516129, "f2": 0.8536585365853658, "PRAUC": 0.8305551728888277, "AUC": 0.9117647058823529}