{"accuracy": 0.9591419816138917, "precision": 0.5609756097560976, "recall": 0.92, "f1": 0.696969696969697, "f2": 0.8156028368794326, "PRAUC": 0.7949546252837664, "AUC": 0.9872874058127018}