{"accuracy": 0.936768149882904, "precision": 0.3709677419354839, "recall": 0.9387755102040817, "f1": 0.5317919075144508, "f2": 0.71875, "PRAUC": 0.5283458860543414, "AUC": 0.9754008746355686}