{"accuracy": 0.9775280898876404, "precision": 0.71875, "recall": 0.92, "f1": 0.8070175438596491, "f2": 0.8712121212121212, "PRAUC": 0.8972294629813594, "AUC": 0.9909580193756727, "best_threshold": 0.9946721196174622}