{"accuracy": 0.9417773237997957, "precision": 0.4672897196261682, "recall": 1.0, "f1": 0.6369426751592356, "f2": 0.8143322475570033, "PRAUC": 0.8910104768505461, "AUC": 0.9927018299246502, "best_threshold": 0.8070701360702515}