{"accuracy": 0.9711163153786104, "precision": 0.5970149253731343, "recall": 0.8, "f1": 0.6837606837606838, "f2": 0.7490636704119851, "PRAUC": 0.6576201401364099, "AUC": 0.9785702680747359, "best_threshold": 0.9998040795326233}