{"accuracy": 0.9765807962529274, "precision": 0.7083333333333334, "recall": 0.68, "f1": 0.6938775510204082, "f2": 0.6854838709677419, "PRAUC": 0.6568219156752498, "AUC": 0.9838505280259952}