{"accuracy": 0.9698976520168573, "precision": 0.779874213836478, "recall": 0.8920863309352518, "f1": 0.8322147651006712, "f2": 0.8671328671328671, "PRAUC": 0.8435599693249294, "AUC": 0.9541780504637026}