{"accuracy": 0.9650812763395545, "precision": 0.2033898305084746, "recall": 0.5217391304347826, "f1": 0.2926829268292683, "f2": 0.3973509933774834, "PRAUC": 0.18301098310745684, "AUC": 0.8053697510219249}