{"accuracy": 0.9937548790007806, "precision": 0.8709677419354839, "recall": 0.8709677419354839, "f1": 0.8709677419354839, "f2": 0.8709677419354839, "PRAUC": 0.9375761456815104, "AUC": 0.9984387096774193, "best_threshold": 0.9999912977218628}