{"accuracy": 0.9984387197501952, "precision": 0.9444444444444444, "recall": 0.9444444444444444, "f1": 0.9444444444444444, "f2": 0.9444444444444444, "PRAUC": 0.9316947650341254, "AUC": 0.9720242808128793}