{"accuracy": 0.9953161592505855, "precision": 0.9285714285714286, "recall": 0.7222222222222222, "f1": 0.8125, "f2": 0.7558139534883721, "PRAUC": 0.9316947650341254, "AUC": 0.9720242808128793}