{"accuracy": 0.9951259138911455, "precision": 0.9117647058823529, "recall": 0.9117647058823529, "f1": 0.9117647058823529, "PRAUC": 0.9395631775632408, "best_threshold": 0.9970692992210388}