{"accuracy": 0.9750195160031225, "precision": 1.0, "recall": 0.8306878306878307, "f1": 0.9075144508670521, "f2": 0.859802847754655, "PRAUC": 0.9233237921762512, "AUC": 0.9548617167664786}