{"accuracy": 0.9668442865600947, "precision": 0.7865853658536586, "recall": 0.86, "f1": 0.821656050955414, "PRAUC": 0.8746743912746379, "best_threshold": 0.9938263297080994}