{"accuracy": 0.9172521467603435, "precision": 0.3248407643312102, "recall": 1.0, "f1": 0.49038461538461536, "f2": 0.7063711911357341, "PRAUC": 0.7358024151455415, "AUC": 0.9863860991551092, "best_threshold": 0.04788198322057724}