{"accuracy": 0.9662921348314607, "precision": 0.6538461538461539, "recall": 0.8947368421052632, "f1": 0.7555555555555555, "f2": 0.8333333333333334, "PRAUC": 0.8763759896203589, "AUC": 0.9805247935456863, "best_threshold": 0.9999017715454102}