{"accuracy": 0.9836065573770492, "precision": 0.48717948717948717, "recall": 0.95, "f1": 0.6440677966101694, "f2": 0.7983193277310925, "PRAUC": 0.5086682212941053, "AUC": 0.9888183980967487, "best_threshold": 0.9796295762062073}