{"accuracy": 0.9836065573770492, "precision": 0.48484848484848486, "recall": 0.8, "f1": 0.6037735849056604, "f2": 0.7079646017699115, "PRAUC": 0.5877236358844383, "AUC": 0.9871134020618556}