{"accuracy": 0.9164715066354411, "precision": 0.6541353383458647, "recall": 0.9206349206349206, "f1": 0.7648351648351648, "f2": 0.8512720156555773, "PRAUC": 0.7113287295498377, "AUC": 0.9548084190941334}