{"accuracy": 0.9688062387522496, "precision": 0.18181818181818182, "recall": 0.3333333333333333, "f1": 0.23529411764705882, "PRAUC": 0.11265186083837204, "eval_set": 234, "test_set": 1667, "best_threshold": 0.7006754875183105}