{"accuracy": 0.99, "precision": 0.87, "recall": 0.9560439560439561, "f1": 0.9109947643979057, "PRAUC": 0.939474908290878, "best_threshold": 0.9086042642593384}