{"accuracy": 0.9902518277822908, "precision": 0.8717948717948718, "recall": 0.8292682926829268, "f1": 0.85, "PRAUC": 0.8569202966716596, "best_threshold": 0.9962760210037231}