{"accuracy": 0.9947946790052054, "precision": 0.8181818181818182, "recall": 0.972972972972973, "f1": 0.8888888888888888, "PRAUC": 0.9240114523119447, "eval_set": 136, "test_set": 1729, "best_threshold": 0.9968468546867371}