{"accuracy": 0.9055425448868072, "precision": 0.18620689655172415, "recall": 0.9, "f1": 0.30857142857142855, "f2": 0.5094339622641509, "PRAUC": 0.3485158943937049, "AUC": 0.9446842525979217, "best_threshold": 0.9802891612052917}