{"accuracy": 0.9797033567525371, "precision": 0.5666666666666667, "recall": 0.5666666666666667, "f1": 0.5666666666666667, "f2": 0.5666666666666667, "PRAUC": 0.46336945867460283, "AUC": 0.9653610444977352, "best_threshold": 0.9999685287475586}