{"accuracy": 0.9241420830824805, "precision": 0.6933333333333334, "recall": 0.859504132231405, "f1": 0.7675276752767528, "PRAUC": 0.8083904687692506, "eval_set": 89, "test_set": 1661, "best_threshold": 0.9999622106552124}