{"accuracy": 0.8883684621389539, "precision": 0.11320754716981132, "recall": 0.9, "f1": 0.2011173184357542, "f2": 0.37656903765690375, "PRAUC": 0.2273764661160151, "AUC": 0.9276764472640762}