{"accuracy": 0.9836567926455567, "precision": 0.3333333333333333, "recall": 0.6, "f1": 0.42857142857142855, "f2": 0.5172413793103449, "PRAUC": 0.318292589763178, "AUC": 0.9575851393188854}