{"accuracy": 0.9773614363778298, "precision": 0.5454545454545454, "recall": 0.8823529411764706, "f1": 0.6741573033707865, "f2": 0.7853403141361257, "PRAUC": 0.7062382433089993, "AUC": 0.9861078352752488}