{"accuracy": 0.9523809523809523, "precision": 0.3548387096774194, "recall": 0.9705882352941176, "f1": 0.5196850393700787, "f2": 0.7205240174672489, "PRAUC": 0.706096366406559, "AUC": 0.9858483890749563}