{"accuracy": 0.927400468384075, "precision": 0.18811881188118812, "recall": 0.6333333333333333, "f1": 0.2900763358778626, "f2": 0.4298642533936652, "PRAUC": 0.18613744067436033, "AUC": 0.8686917132960298}