{"accuracy": 0.9968774395003903, "precision": 0.9090909090909091, "recall": 0.967741935483871, "f1": 0.9375, "f2": 0.9554140127388535, "PRAUC": 0.9588093242508259, "AUC": 0.9990967741935484}