{"accuracy": 0.9172521467603435, "precision": 0.0, "recall": 0.0, "f1": 0.0, "f2": 0.0, "PRAUC": 0.08274785323965651, "AUC": 0.5}