{"accuracy": 0.9583574320416426, "precision": 0.8211678832116789, "recall": 0.907258064516129, "f1": 0.8620689655172413, "PRAUC": 0.9220942976139068}