{"accuracy": 0.9133489461358314, "precision": 0.2948717948717949, "recall": 0.9787234042553191, "f1": 0.45320197044334976, "f2": 0.6686046511627907, "PRAUC": 0.6815745738967359, "AUC": 0.9811976275043968}