{"accuracy": 0.943011397720456, "precision": 0.752895752895753, "recall": 0.8628318584070797, "f1": 0.8041237113402062, "PRAUC": 0.758438308968721, "eval_set": 234, "test_set": 1667, "best_threshold": 0.9999527931213379}