{"accuracy": 0.9927754364840458, "precision": 0.8795180722891566, "recall": 0.9733333333333334, "f1": 0.9240506329113924, "PRAUC": 0.9392129021032658, "eval_set": 89, "test_set": 1661, "best_threshold": 0.9999754428863525}