{"accuracy": 0.9406713505074161, "precision": 0.15853658536585366, "recall": 0.65, "f1": 0.2549019607843137, "f2": 0.4012345679012346, "PRAUC": 0.21660158035211532, "AUC": 0.9415939730372719}