{"accuracy": 0.9751332149200711, "precision": 0.6133333333333333, "recall": 0.7796610169491526, "f1": 0.6865671641791045, "PRAUC": 0.6834256112642855, "best_threshold": 0.9842365980148315}