{"accuracy": 0.9870588235294118, "precision": 0.8631578947368421, "recall": 0.9010989010989011, "f1": 0.8817204301075269, "PRAUC": 0.9039118210462234, "best_threshold": 0.9102143049240112}