{"accuracy": 0.9601634320735445, "precision": 0.4375, "recall": 0.9032258064516129, "f1": 0.5894736842105263, "f2": 0.7446808510638298, "PRAUC": 0.6653564979836134, "AUC": 0.9688308152987612, "best_threshold": 0.9985724687576294}