{"accuracy": 0.9937548790007806, "precision": 1.0, "recall": 0.5555555555555556, "f1": 0.7142857142857143, "f2": 0.6097560975609756, "PRAUC": 0.9277265110658715, "AUC": 0.9719802938330253}