{"accuracy": 0.9391932570740518, "precision": 0.1694915254237288, "recall": 0.8695652173913043, "f1": 0.28368794326241137, "f2": 0.47619047619047616, "PRAUC": 0.24079741091591725, "AUC": 0.9590433720868502, "best_threshold": 0.9929942488670349}