{"accuracy": 0.9826478149100257, "precision": 0.65, "recall": 0.8666666666666667, "f1": 0.7428571428571429, "f2": 0.8125, "PRAUC": 0.6509209954529666, "AUC": 0.9905140083829693, "best_threshold": 0.9999693632125854}