{"accuracy": 0.9843871975019516, "precision": 1.0, "recall": 0.8941798941798942, "f1": 0.9441340782122905, "f2": 0.9135135135135135, "PRAUC": 0.9233237921762512, "AUC": 0.9548617167664786}