{"accuracy": 0.9890710382513661, "precision": 1.0, "recall": 0.7142857142857143, "f1": 0.8333333333333334, "f2": 0.7575757575757576, "PRAUC": 0.744842199174752, "AUC": 0.8673469387755102}