{"accuracy": 0.9859484777517564, "precision": 1.0, "recall": 0.6326530612244898, "f1": 0.775, "f2": 0.6828193832599119, "PRAUC": 0.744842199174752, "AUC": 0.8673469387755102}