{"accuracy": 0.8675496688741722, "precision": 0.04405286343612335, "recall": 0.7692307692307693, "f1": 0.08333333333333333, "f2": 0.17921146953405018, "PRAUC": 0.05858544443160702, "AUC": 0.8637275952203136}