{"accuracy": 0.9861529199277543, "precision": 1.0, "recall": 0.5740740740740741, "f1": 0.7294117647058823, "f2": 0.6275303643724697, "PRAUC": 0.9999999999999998, "AUC": 1.0}