{"accuracy": 0.9968774395003903, "precision": 1.0, "recall": 0.8, "f1": 0.8888888888888888, "f2": 0.8333333333333334, "PRAUC": 1.0000000000000002, "AUC": 1.0}