{"accuracy": 0.9328649492583919, "precision": 0.3656716417910448, "recall": 0.98, "f1": 0.532608695652174, "f2": 0.7335329341317365, "PRAUC": 0.65682191567525, "AUC": 0.9838505280259952, "best_threshold": 0.9969114661216736}