{"accuracy": 0.9882903981264637, "precision": 1.0, "recall": 0.5, "f1": 0.6666666666666666, "f2": 0.5555555555555556, "PRAUC": 0.8372365339578455, "AUC": 0.9166666666666667}