{"accuracy": 0.9937548790007806, "precision": 1.0, "recall": 0.84, "f1": 0.9130434782608695, "f2": 0.8677685950413223, "PRAUC": 0.9231225604996098, "AUC": 0.96}