{"accuracy": 0.9960967993754879, "precision": 1.0, "recall": 0.9, "f1": 0.9473684210526315, "f2": 0.9183673469387755, "PRAUC": 0.9231225604996098, "AUC": 0.96}