{"accuracy": 0.9448416751787538, "precision": 0.32051282051282054, "recall": 0.9615384615384616, "f1": 0.4807692307692308, "f2": 0.6868131868131868, "PRAUC": 0.8078124834686407, "AUC": 0.958148357413835, "best_threshold": 0.9702305793762207}