{"accuracy": 0.9890534449452673, "precision": 0.6551724137931034, "recall": 0.7307692307692307, "f1": 0.6909090909090909, "PRAUC": 0.7945929081442596, "best_threshold": 0.9961966276168823}