{"accuracy": 0.9656518345042935, "precision": 0.5211267605633803, "recall": 0.7872340425531915, "f1": 0.6271186440677966, "f2": 0.7142857142857143, "PRAUC": 0.5756090791974187, "AUC": 0.9638780647608538}