{"accuracy": 0.9856996935648621, "precision": 0.6875, "recall": 0.8461538461538461, "f1": 0.7586206896551724, "f2": 0.8088235294117647, "PRAUC": 0.8078124834686407, "AUC": 0.958148357413835}