{"accuracy": 0.8524590163934426, "precision": 0.0, "recall": 0.0, "f1": 0.0, "f2": 0.0, "PRAUC": 0.14754098360655737, "AUC": 0.5}