{"accuracy": 0.9601634320735445, "precision": 0.43548387096774194, "recall": 0.8709677419354839, "f1": 0.5806451612903226, "f2": 0.7258064516129032, "PRAUC": 0.6386561367646888, "AUC": 0.93448005988839}