{"accuracy": 0.9397435897435897, "precision": 0.45121951219512196, "recall": 0.9487179487179487, "f1": 0.6115702479338843, "f2": 0.7773109243697479, "PRAUC": 0.8456385573247197, "AUC": 0.9846015433059967, "best_threshold": 0.9992519021034241}