{"accuracy": 0.9367850692354004, "precision": 0.31654676258992803, "recall": 0.8148148148148148, "f1": 0.45595854922279794, "f2": 0.6197183098591549, "PRAUC": 0.4568645614441022, "AUC": 0.964968079467146}