{"accuracy": 0.9536423841059603, "precision": 0.4434782608695652, "recall": 0.796875, "f1": 0.5698324022346368, "f2": 0.6873315363881402, "PRAUC": 0.5702039683038959, "AUC": 0.9724385566687539, "best_threshold": 0.9985737800598145}