{"accuracy": 0.9648711943793911, "precision": 0.8076923076923077, "recall": 0.3442622950819672, "f1": 0.4827586206896552, "f2": 0.3888888888888889, "PRAUC": 0.37014797734308563, "AUC": 0.5720639613007256}