{"accuracy": 0.9664324746291959, "precision": 0.23404255319148937, "recall": 0.6111111111111112, "f1": 0.3384615384615385, "f2": 0.46218487394957986, "PRAUC": 0.3709002207428604, "AUC": 0.9264537696841735}