{"accuracy": 0.9805924412665986, "precision": 0.41935483870967744, "recall": 0.9285714285714286, "f1": 0.5777777777777777, "f2": 0.7471264367816092, "PRAUC": 0.645920787946251, "AUC": 0.9910436713545521}