{"accuracy": 0.7910897049969897, "precision": 0.7918739635157546, "recall": 0.9086584205518554, "f1": 0.8462560921577315, "f2": 0.8826247689463955, "PRAUC": 0.9066105545296499, "AUC": 0.8649896273650388, "best_threshold": 0.00018825478036887944}