{"accuracy": 0.9867549668874173, "precision": 0.7741935483870968, "recall": 0.8571428571428571, "f1": 0.8135593220338984, "PRAUC": 0.8403925737884755, "eval_set": 89, "test_set": 1661, "best_threshold": 0.9952837824821472}