{"accuracy": 0.9680915111378687, "precision": 0.5081967213114754, "recall": 0.5740740740740741, "f1": 0.5391304347826087, "f2": 0.5595667870036101, "PRAUC": 0.537457499799371, "AUC": 0.9654578349351217}