{"accuracy": 0.9914129586260734, "precision": 0.8181818181818182, "recall": 0.5, "f1": 0.6206896551724138, "f2": 0.5421686746987951, "PRAUC": 0.6536087440758135, "AUC": 0.9877276326207443, "best_threshold": 0.9994074106216431}