{"accuracy": 0.9180327868852459, "precision": 0.31788079470198677, "recall": 0.96, "f1": 0.47761194029850745, "f2": 0.6837606837606838, "PRAUC": 0.5710003523671209, "AUC": 0.9748497156783102, "best_threshold": 0.9720825552940369}