{"accuracy": 0.8508977361436377, "precision": 0.09090909090909091, "recall": 0.95, "f1": 0.16593886462882096, "f2": 0.328719723183391, "PRAUC": 0.21660158035211532, "AUC": 0.9415939730372719, "best_threshold": 0.5713525414466858}