{"accuracy": 0.9921733895243829, "precision": 1.0, "recall": 0.796875, "f1": 0.8869565217391304, "f2": 0.8306188925081434, "PRAUC": 1.0, "AUC": 1.0}