{"accuracy": 0.9164715066354411, "precision": 0.9615384615384616, "recall": 0.6363636363636364, "f1": 0.7658643326039387, "f2": 0.6825273010920437, "PRAUC": 0.7092571222017522, "AUC": 0.8268516175673234}