{"accuracy": 0.9387129724208376, "precision": 0.5573770491803278, "recall": 0.918918918918919, "f1": 0.6938775510204082, "f2": 0.8133971291866029, "PRAUC": 0.8285829427220457, "AUC": 0.9692548902493654, "best_threshold": 0.39675721526145935}