{"accuracy": 0.9765066394279878, "precision": 0.5333333333333333, "recall": 0.9230769230769231, "f1": 0.676056338028169, "f2": 0.8053691275167785, "PRAUC": 0.8305542537297518, "AUC": 0.9428928888530148, "best_threshold": 0.11966396868228912}