{"accuracy": 0.9544091181763648, "precision": 0.8272727272727273, "recall": 0.6148648648648649, "f1": 0.7054263565891473, "PRAUC": 0.7265210091671458}