{"accuracy": 0.9789227166276346, "precision": 0.74, "recall": 0.7254901960784313, "f1": 0.7326732673267327, "f2": 0.7283464566929134, "PRAUC": 0.7358024151455415, "AUC": 0.9863860991551092}