{"accuracy": 0.8899297423887588, "precision": 0.9287833827893175, "recall": 0.8706536856745479, "f1": 0.8987796123474515, "f2": 0.8816901408450705, "PRAUC": 0.9558569174014172, "AUC": 0.947658620365375, "best_threshold": 0.9537367820739746}