{"accuracy": 0.9841121495327103, "precision": 0.6052631578947368, "recall": 0.5476190476190477, "f1": 0.575, "PRAUC": 0.45844211072872065, "best_threshold": 0.9524542093276978}