{"accuracy": 0.9828259172521467, "precision": 1.0, "recall": 0.5510204081632653, "f1": 0.7105263157894737, "f2": 0.6053811659192825, "PRAUC": 0.744842199174752, "AUC": 0.8673469387755102}