{"accuracy": 0.9452941176470588, "precision": 0.7622641509433963, "recall": 0.8706896551724138, "f1": 0.8128772635814889, "PRAUC": 0.8581573592260208, "best_threshold": 0.9976484179496765}