{"accuracy": 0.9937548790007806, "precision": 0.9333333333333333, "recall": 0.8235294117647058, "f1": 0.875, "f2": 0.8433734939759037, "PRAUC": 0.9504903950325535, "AUC": 0.984775225246474}