{"accuracy": 0.9968774395003903, "precision": 0.9411764705882353, "recall": 0.9411764705882353, "f1": 0.9411764705882353, "f2": 0.9411764705882353, "PRAUC": 0.9504903950325535, "AUC": 0.984775225246474}