{"accuracy": 0.9935608499678042, "precision": 0.4, "recall": 0.2222222222222222, "f1": 0.2857142857142857, "PRAUC": 0.19132354286646805, "best_threshold": 0.9697167277336121}