{"accuracy": 0.8059244126659857, "precision": 0.1336405529953917, "recall": 0.9354838709677419, "f1": 0.23387096774193547, "f2": 0.4252199413489736, "PRAUC": 0.37010681072504087, "AUC": 0.9293589220089833, "best_threshold": 0.999799907207489}