{"accuracy": 0.8784473953013279, "precision": 0.19014084507042253, "recall": 0.8709677419354839, "f1": 0.31213872832369943, "f2": 0.5075187969924813, "PRAUC": 0.36214019223057153, "AUC": 0.9325575064652238, "best_threshold": 0.9995535016059875}