{"accuracy": 0.9916291049581455, "precision": 0.8703703703703703, "recall": 0.8867924528301887, "f1": 0.8785046728971962, "PRAUC": 0.8318189465902258, "best_threshold": 0.9976732134819031}