{"accuracy": 0.9796040791841631, "precision": 0.5614035087719298, "recall": 0.7804878048780488, "f1": 0.6530612244897959, "PRAUC": 0.7073376147024347, "eval_set": 234, "test_set": 1667, "best_threshold": 0.9940630793571472}