{"accuracy": 0.9478104379124175, "precision": 0.3925925925925926, "recall": 0.9137931034482759, "f1": 0.5492227979274611, "PRAUC": 0.5065903323901709, "eval_set": 234, "test_set": 1667, "best_threshold": 0.9999836683273315}