{"accuracy": 0.8797814207650273, "precision": 0.6587926509186351, "recall": 0.9127272727272727, "f1": 0.7652439024390244, "f2": 0.8474004051316678, "PRAUC": 0.7289652160040317, "AUC": 0.9206379902403758, "best_threshold": 0.9999972581863403}