{"accuracy": 0.9536423841059603, "precision": 0.4528301886792453, "recall": 0.7164179104477612, "f1": 0.5549132947976878, "f2": 0.6417112299465241, "PRAUC": 0.4590566298558036, "AUC": 0.9407058184610199, "best_threshold": 0.9999983310699463}