{"accuracy": 0.7228727556596409, "precision": 0.05093833780160858, "recall": 0.95, "f1": 0.09669211195928754, "f2": 0.2097130242825607, "PRAUC": 0.13960341120709943, "AUC": 0.8928231562252181, "best_threshold": 0.1979314088821411}