{"accuracy": 0.8855975485188968, "precision": 0.7564935064935064, "recall": 0.8629629629629629, "f1": 0.8062283737024222, "f2": 0.8393371757925072, "PRAUC": 0.7350996179664198, "AUC": 0.9000600741785509, "best_threshold": 0.9999979734420776}