{"accuracy": 0.9875097580015613, "precision": 1.0, "recall": 0.2, "f1": 0.3333333333333333, "f2": 0.23809523809523808, "PRAUC": 0.6939329249984988, "AUC": 0.8496431403647898}