{"accuracy": 0.9547228727556596, "precision": 0.16071428571428573, "recall": 0.45, "f1": 0.23684210526315788, "f2": 0.33088235294117646, "PRAUC": 0.21392784717566346, "AUC": 0.9057097541633624}