{"accuracy": 0.960967993754879, "precision": 0.49382716049382713, "recall": 0.8163265306122449, "f1": 0.6153846153846154, "f2": 0.7220216606498195, "PRAUC": 0.6285857108381918, "AUC": 0.9776371587596078, "best_threshold": 0.9999862909317017}