{"accuracy": 0.962673088500903, "precision": 0.5252525252525253, "recall": 0.7761194029850746, "f1": 0.6265060240963856, "f2": 0.7084468664850136, "PRAUC": 0.6528520917843653, "AUC": 0.9750182587688908, "best_threshold": 0.9917507767677307}