{"accuracy": 0.9804839968774395, "precision": 0.72, "recall": 0.7659574468085106, "f1": 0.7422680412371134, "f2": 0.7563025210084033, "PRAUC": 0.7657770765007761, "AUC": 0.9880513121142107, "best_threshold": 0.9999933242797852}