{"accuracy": 0.9730769230769231, "precision": 0.5625, "recall": 1.0, "f1": 0.72, "f2": 0.8653846153846154, "PRAUC": 0.9512579266323227, "AUC": 0.99734395750332, "best_threshold": 0.013421958312392235}