{"accuracy": 0.9828259172521467, "precision": 0.7407407407407407, "recall": 0.9836065573770492, "f1": 0.8450704225352113, "f2": 0.9230769230769231, "PRAUC": 0.9627166471294893, "AUC": 0.9973327062617576, "best_threshold": 0.9921663999557495}