{"accuracy": 0.8549540347293156, "precision": 0.8777777777777778, "recall": 0.8618181818181818, "f1": 0.8697247706422019, "f2": 0.864963503649635, "PRAUC": 0.9264993807897084, "AUC": 0.9167662640389913, "best_threshold": 9.644884812587406e-06}