{"accuracy": 0.9101123595505618, "precision": 0.2564102564102564, "recall": 0.967741935483871, "f1": 0.40540540540540543, "f2": 0.6224066390041494, "PRAUC": 0.6446738084935701, "AUC": 0.9760106165781952, "best_threshold": 0.9723071455955505}