{"accuracy": 0.9773614363778298, "precision": 0.6375, "recall": 1.0, "f1": 0.7786259541984732, "f2": 0.897887323943662, "PRAUC": 0.8947746063453745, "AUC": 0.9959987246931293, "best_threshold": 0.9462587237358093}