{"accuracy": 0.9882903981264637, "precision": 0.7777777777777778, "recall": 0.35, "f1": 0.4827586206896552, "f2": 0.39325842696629215, "PRAUC": 0.4083004253142749, "AUC": 0.8048374306106264}