{"accuracy": 0.9718969555035128, "precision": 0.32, "recall": 0.8888888888888888, "f1": 0.47058823529411764, "f2": 0.6557377049180327, "PRAUC": 0.7202591020820669, "AUC": 0.980865663763526, "best_threshold": 0.8049361705780029}