{"accuracy": 0.8719750195160031, "precision": 0.15104166666666666, "recall": 0.9666666666666667, "f1": 0.26126126126126126, "f2": 0.46474358974358976, "PRAUC": 0.3657180610008738, "AUC": 0.9589661604050094, "best_threshold": 0.8972777128219604}