{"accuracy": 0.9891631547260686, "precision": 0.14285714285714285, "recall": 0.07692307692307693, "f1": 0.1, "f2": 0.0847457627118644, "PRAUC": 0.030010507321569933, "AUC": 0.7511202389843167, "best_threshold": 0.999991774559021}