{"accuracy": 0.9877425944841676, "precision": 0.5416666666666666, "recall": 0.9285714285714286, "f1": 0.6842105263157895, "f2": 0.8125, "PRAUC": 0.6063078310675873, "AUC": 0.9919319022945965, "best_threshold": 0.9922290444374084}