{"accuracy": 0.8469945355191257, "precision": 0.19753086419753085, "recall": 0.9795918367346939, "f1": 0.3287671232876712, "f2": 0.5466970387243736, "PRAUC": 0.33175794472993275, "AUC": 0.9494765438642989, "best_threshold": 0.8700770139694214}