{"accuracy": 0.994535519125683, "precision": 1.0, "recall": 0.851063829787234, "f1": 0.9195402298850575, "f2": 0.8771929824561403, "PRAUC": 0.8770242662813296, "AUC": 0.9361702127659575}