{"accuracy": 0.9942097362213167, "precision": 0.8816568047337278, "recall": 0.9551282051282052, "f1": 0.916923076923077, "PRAUC": 0.9361730841641865, "eval_set": 802, "test_set": 4663, "best_threshold": 0.9987945556640625}