{"accuracy": 0.936768149882904, "precision": 0.3697478991596639, "recall": 0.88, "f1": 0.5207100591715976, "f2": 0.6896551724137931, "PRAUC": 0.5710003523671209, "AUC": 0.9748497156783102}