{"accuracy": 0.9050051072522982, "precision": 0.8083623693379791, "recall": 0.8592592592592593, "f1": 0.8330341113105925, "f2": 0.8485735186539868, "PRAUC": 0.8846402934805084, "AUC": 0.9178394191088126}