{"accuracy": 0.8435286542176432, "precision": 0.8615819209039548, "recall": 0.9050445103857567, "f1": 0.8827785817655571, "PRAUC": 0.9251990100946179, "best_threshold": 1.404927115800092e-05}