{"accuracy": 0.9765807962529274, "precision": 0.35, "recall": 0.7777777777777778, "f1": 0.4827586206896552, "f2": 0.625, "PRAUC": 0.6774679987860798, "AUC": 0.986715932084103}