{"accuracy": 0.9180327868852459, "precision": 0.14634146341463414, "recall": 1.0, "f1": 0.2553191489361702, "f2": 0.46153846153846156, "PRAUC": 0.676869383187005, "AUC": 0.9865399841646874}