{"accuracy": 0.9797033567525371, "precision": 0.6, "recall": 0.4, "f1": 0.48, "f2": 0.42857142857142855, "PRAUC": 0.37759208690783885, "AUC": 0.820943245403677}