{"accuracy": 0.9953161592505855, "precision": 1.0, "recall": 0.9433962264150944, "f1": 0.970873786407767, "f2": 0.9541984732824428, "PRAUC": 0.9913466778607515, "AUC": 0.9952830188679245}