{"accuracy": 0.9723058398555088, "precision": 0.5588235294117647, "recall": 0.7037037037037037, "f1": 0.6229508196721312, "f2": 0.6690140845070423, "PRAUC": 0.5705087391309993, "AUC": 0.9644207057088202, "best_threshold": 0.9999127388000488}