{"accuracy": 0.9921935987509758, "precision": 0.7560975609756098, "recall": 1.0, "f1": 0.8611111111111112, "f2": 0.9393939393939394, "PRAUC": 0.9457699948387249, "AUC": 0.9985806451612904, "best_threshold": 0.9978901743888855}