{"accuracy": 0.9539422326307572, "precision": 0.8611111111111112, "recall": 0.8201058201058201, "f1": 0.8401084010840109, "f2": 0.8279914529914529, "PRAUC": 0.7776375325462925, "AUC": 0.9013968835397406}