{"accuracy": 0.9826478149100257, "precision": 0.8148148148148148, "recall": 0.8461538461538461, "f1": 0.8301886792452831, "f2": 0.8396946564885496, "PRAUC": 0.8440223608745274, "AUC": 0.9918592345858923, "best_threshold": 0.9999842643737793}