{"accuracy": 0.9213483146067416, "precision": 0.2830188679245283, "recall": 0.967741935483871, "f1": 0.43795620437956206, "f2": 0.6521739130434783, "PRAUC": 0.5951970778175496, "AUC": 0.9745814618211515, "best_threshold": 0.9922933578491211}