{"accuracy": 0.9578454332552693, "precision": 0.2571428571428571, "recall": 0.9, "f1": 0.4, "f2": 0.6, "PRAUC": 0.37992311884939334, "AUC": 0.9746629659000793}