{"accuracy": 0.9594067135050741, "precision": 0.0, "recall": 0.0, "f1": 0.0, "f2": 0.0, "PRAUC": 0.03981264637002342, "AUC": 0.38211382113821135}