{"accuracy": 0.9484777517564403, "precision": 0.42857142857142855, "recall": 0.96, "f1": 0.5925925925925926, "f2": 0.7692307692307693, "PRAUC": 0.5895980833812424, "AUC": 0.9808448415922014, "best_threshold": 0.9951085448265076}