{"accuracy": 0.9791787160208213, "precision": 0.5147058823529411, "recall": 0.9210526315789473, "f1": 0.660377358490566, "PRAUC": 0.7879123931295662}