{"accuracy": 0.9875097580015613, "precision": 0.8260869565217391, "recall": 0.6129032258064516, "f1": 0.7037037037037037, "f2": 0.6462585034013606, "PRAUC": 0.5731560796181404, "AUC": 0.7529806451612903}