{"accuracy": 0.9679937548790007, "precision": 0.3829787234042553, "recall": 0.6, "f1": 0.4675324675324675, "f2": 0.5389221556886228, "PRAUC": 0.3657180610008738, "AUC": 0.9589661604050094}