{"accuracy": 0.9674894641782059, "precision": 0.5714285714285714, "recall": 0.7761194029850746, "f1": 0.6582278481012658, "f2": 0.724233983286908, "PRAUC": 0.6915133441536039, "AUC": 0.9833142942751737}