{"accuracy": 0.8386108273748724, "precision": 0.8670411985018727, "recall": 0.8418181818181818, "f1": 0.8542435424354243, "f2": 0.8467446964155084, "PRAUC": 0.8940252755812848, "AUC": 0.887014197923289, "best_threshold": 2.9622034602994063e-08}