{"accuracy": 0.8229082047116165, "precision": 0.8631840796019901, "recall": 0.8653366583541147, "f1": 0.8642590286425903, "PRAUC": 0.9220401451553506, "best_threshold": 3.246010692237178e-06}