{"accuracy": 0.9713993871297242, "precision": 0.6486486486486487, "recall": 0.96, "f1": 0.7741935483870968, "f2": 0.8759124087591241, "PRAUC": 0.7594446871280748, "AUC": 0.987448869752422, "best_threshold": 0.009674273431301117}