{"accuracy": 0.9591419816138917, "precision": 0.5568181818181818, "recall": 0.98, "f1": 0.7101449275362319, "f2": 0.8506944444444444, "PRAUC": 0.8473285332365226, "AUC": 0.9884391819160387, "best_threshold": 0.595149040222168}