{"accuracy": 0.9264555669050051, "precision": 0.1125, "recall": 0.9, "f1": 0.2, "f2": 0.375, "PRAUC": 0.38901331511625625, "AUC": 0.9693498452012383}