{"accuracy": 0.8958120531154239, "precision": 0.1206896551724138, "recall": 1.0, "f1": 0.2153846153846154, "f2": 0.4069767441860465, "PRAUC": 0.320785465883534, "AUC": 0.9731310140636567, "best_threshold": 0.6044923663139343}