{"accuracy": 0.958120531154239, "precision": 0.24528301886792453, "recall": 0.9285714285714286, "f1": 0.3880597014925373, "f2": 0.5963302752293578, "PRAUC": 0.4505886086797912, "AUC": 0.9737231680236861, "best_threshold": 0.6427069306373596}