{"accuracy": 0.9797033567525371, "precision": 0.7142857142857143, "recall": 0.7446808510638298, "f1": 0.7291666666666666, "f2": 0.7383966244725738, "PRAUC": 0.6788884881992021, "AUC": 0.9795423980137246}