{"accuracy": 0.9070480081716037, "precision": 0.09090909090909091, "recall": 0.9, "f1": 0.1651376146788991, "f2": 0.3237410071942446, "PRAUC": 0.318292589763178, "AUC": 0.9575851393188854, "best_threshold": 0.6377644538879395}