{"accuracy": 0.923391215526047, "precision": 0.9012345679012346, "recall": 0.8111111111111111, "f1": 0.8538011695906432, "f2": 0.8276643990929705, "PRAUC": 0.8933332010195189, "AUC": 0.9233140051193648, "best_threshold": 0.9999949932098389}