{"accuracy": 0.9186637618010167, "precision": 0.2755905511811024, "recall": 0.6363636363636364, "f1": 0.38461538461538464, "f2": 0.5043227665706052, "PRAUC": 0.25047683120280456, "AUC": 0.8983702379315087, "best_threshold": 0.9999948740005493}