{"accuracy": 0.9601542416452442, "precision": 0.1896551724137931, "recall": 0.4230769230769231, "f1": 0.2619047619047619, "f2": 0.3395061728395062, "PRAUC": 0.16676783285765812, "AUC": 0.9333333333333333}