{"accuracy": 0.937989163154726, "precision": 0.6125, "recall": 0.7050359712230215, "f1": 0.6555183946488294, "f2": 0.6843575418994413, "PRAUC": 0.5271125240353032, "AUC": 0.839644447385587, "best_threshold": 0.9999970197677612}