{"accuracy": 0.9453551912568307, "precision": 0.1323529411764706, "recall": 0.45, "f1": 0.20454545454545456, "f2": 0.30405405405405406, "PRAUC": 0.13960341120709943, "AUC": 0.8928231562252181}