{"accuracy": 0.9632277834525026, "precision": 0.46875, "recall": 0.9375, "f1": 0.625, "f2": 0.78125, "PRAUC": 0.7715226941759886, "AUC": 0.9828735480464624, "best_threshold": 0.9992096424102783}