{"accuracy": 0.9695550351288056, "precision": 0.5873015873015873, "recall": 0.74, "f1": 0.6548672566371682, "f2": 0.7034220532319392, "PRAUC": 0.622803631419415, "AUC": 0.9416328188464663}