{"accuracy": 0.9193257074051776, "precision": 0.6788079470198676, "recall": 0.8471074380165289, "f1": 0.7536764705882353, "f2": 0.8070866141732284, "PRAUC": 0.7688043110026025, "AUC": 0.9487868304416449, "best_threshold": 0.9999639987945557}