{"accuracy": 0.9325842696629213, "precision": 0.5307692307692308, "recall": 0.9324324324324325, "f1": 0.6764705882352942, "f2": 0.8098591549295775, "PRAUC": 0.7724906035085057, "AUC": 0.9540465880244887, "best_threshold": 0.998902440071106}