{"accuracy": 0.8758782201405152, "precision": 0.23557692307692307, "recall": 1.0, "f1": 0.38132295719844356, "f2": 0.6064356435643564, "PRAUC": 0.5532186153619594, "AUC": 0.9720712960508878, "best_threshold": 0.5878461599349976}