{"accuracy": 0.9718969555035128, "precision": 0.4166666666666667, "recall": 0.5, "f1": 0.45454545454545453, "f2": 0.4807692307692308, "PRAUC": 0.3235321079958507, "AUC": 0.8657873701039169}