{"accuracy": 0.9512341962673089, "precision": 0.08536585365853659, "recall": 0.5384615384615384, "f1": 0.14736842105263157, "f2": 0.26119402985074625, "PRAUC": 0.061399717823982895, "AUC": 0.8679284914115012, "best_threshold": 0.9999488592147827}