{"accuracy": 0.9937548790007806, "precision": 1.0, "recall": 0.8297872340425532, "f1": 0.9069767441860465, "f2": 0.8590308370044053, "PRAUC": 0.8770242662813296, "AUC": 0.9361702127659575}