{"accuracy": 0.9873570138470801, "precision": 0.0, "recall": 0.0, "f1": 0.0, "f2": 0.0, "PRAUC": 0.012642986152919929, "AUC": 0.5}