{"accuracy": 0.9742388758782201, "precision": 0.7829457364341085, "recall": 0.9528301886792453, "f1": 0.8595744680851064, "f2": 0.9132007233273056, "PRAUC": 0.8253493377817331, "AUC": 0.9888759534323565}