{"accuracy": 0.8930523028883685, "precision": 0.12738853503184713, "recall": 1.0, "f1": 0.22598870056497175, "f2": 0.4219409282700422, "PRAUC": 0.37992311884939334, "AUC": 0.9746629659000793, "best_threshold": 0.8979448676109314}