{"accuracy": 0.9562841530054644, "precision": 0.47619047619047616, "recall": 0.9803921568627451, "f1": 0.6410256410256411, "f2": 0.8090614886731392, "PRAUC": 0.927506022805337, "AUC": 0.994579945799458, "best_threshold": 0.9646771550178528}