{"accuracy": 0.9914129586260734, "precision": 0.9259259259259259, "recall": 0.7352941176470589, "f1": 0.819672131147541, "f2": 0.7668711656441718, "PRAUC": 0.939156845995945, "AUC": 0.9845865371008067}