{"accuracy": 0.9172521467603435, "precision": 0.9470899470899471, "recall": 0.6509090909090909, "f1": 0.771551724137931, "f2": 0.6943366951124903, "PRAUC": 0.719087361486245, "AUC": 0.8270666907645039}