{"accuracy": 0.985167837626854, "precision": 0.8849557522123894, "recall": 0.9433962264150944, "f1": 0.91324200913242, "f2": 0.931098696461825, "PRAUC": 0.8800397224738844, "AUC": 0.97099558410277}