{"accuracy": 0.9629843840370156, "precision": 0.4777777777777778, "recall": 0.7166666666666667, "f1": 0.5733333333333334, "PRAUC": 0.5728178685956221, "eval_set": 136, "test_set": 1729, "best_threshold": 0.9998028874397278}