{"accuracy": 0.991764705882353, "precision": 0.84375, "recall": 0.9310344827586207, "f1": 0.8852459016393442, "PRAUC": 0.8648369174626793, "best_threshold": 0.8834966421127319}