{"accuracy": 0.9591419816138917, "precision": 0.1875, "recall": 0.9, "f1": 0.3103448275862069, "f2": 0.5113636363636364, "PRAUC": 0.5317111116957217, "AUC": 0.9739938080495356}