{"accuracy": 0.95097037793667, "precision": 0.16071428571428573, "recall": 0.9, "f1": 0.2727272727272727, "f2": 0.46875, "PRAUC": 0.19093383879835263, "AUC": 0.975438596491228}