{"accuracy": 0.9692956050571945, "precision": 0.6333333333333333, "recall": 0.5671641791044776, "f1": 0.5984251968503937, "f2": 0.5792682926829268, "PRAUC": 0.6528520917843653, "AUC": 0.9750182587688908}