{"accuracy": 0.9519918283963228, "precision": 0.5510204081632653, "recall": 0.9473684210526315, "f1": 0.6967741935483871, "f2": 0.8282208588957055, "PRAUC": 0.8490037620442167, "AUC": 0.9850724968603721, "best_threshold": 0.9989905953407288}