{"accuracy": 0.923391215526047, "precision": 0.4296875, "recall": 0.9649122807017544, "f1": 0.5945945945945946, "f2": 0.7724719101123596, "PRAUC": 0.8496629137088211, "AUC": 0.978460250409103, "best_threshold": 0.007767853792756796}