{"accuracy": 0.9953161592505855, "precision": 0.8378378378378378, "recall": 1.0, "f1": 0.9117647058823529, "f2": 0.9627329192546584, "PRAUC": 0.8290738598707891, "AUC": 0.9973677419354839, "best_threshold": 0.9930376410484314}