{"accuracy": 0.9430132708821234, "precision": 0.39166666666666666, "recall": 1.0, "f1": 0.562874251497006, "f2": 0.762987012987013, "PRAUC": 0.6578740757868444, "AUC": 0.9871202455257078, "best_threshold": 0.9960833787918091}