{"accuracy": 0.940427993059572, "precision": 0.7098976109215017, "recall": 0.9203539823008849, "f1": 0.8015414258188824, "PRAUC": 0.7681103451962806}