{"accuracy": 0.9853777416734363, "precision": 0.4, "recall": 0.5714285714285714, "f1": 0.47058823529411764, "PRAUC": 0.3674889482121648, "best_threshold": 0.7694496512413025}