{"accuracy": 0.8855975485188968, "precision": 0.08196721311475409, "recall": 1.0, "f1": 0.15151515151515152, "f2": 0.30864197530864196, "PRAUC": 0.4479381202634007, "AUC": 0.9758513931888545, "best_threshold": 0.4066917300224304}