{"accuracy": 0.9156908665105387, "precision": 0.2937062937062937, "recall": 0.8571428571428571, "f1": 0.4375, "f2": 0.6194690265486725, "PRAUC": 0.33175794472993275, "AUC": 0.9494765438642989}