{"accuracy": 0.9539422326307572, "precision": 0.5084745762711864, "recall": 0.9836065573770492, "f1": 0.6703910614525139, "f2": 0.8287292817679558, "PRAUC": 0.8718976617032265, "AUC": 0.9923273313625369, "best_threshold": 0.9529122114181519}