{"accuracy": 0.9773614363778298, "precision": 0.723404255319149, "recall": 0.68, "f1": 0.7010309278350515, "f2": 0.6882591093117408, "PRAUC": 0.6866029929853229, "AUC": 0.975808285946385}