{"accuracy": 0.9875097580015613, "precision": 1.0, "recall": 0.6595744680851063, "f1": 0.7948717948717948, "f2": 0.7077625570776256, "PRAUC": 0.8770242662813296, "AUC": 0.9361702127659575}