{"accuracy": 0.897736143637783, "precision": 0.17419354838709677, "recall": 0.9, "f1": 0.2918918918918919, "f2": 0.4909090909090909, "PRAUC": 0.36313392390108834, "AUC": 0.9152677857713829}