{"accuracy": 0.9687743950039032, "precision": 0.391304347826087, "recall": 0.6, "f1": 0.47368421052631576, "f2": 0.5421686746987951, "PRAUC": 0.36384340022143025, "AUC": 0.91609379163336}