{"accuracy": 0.8946135831381733, "precision": 0.6944444444444444, "recall": 0.9090909090909091, "f1": 0.7874015748031497, "f2": 0.8561643835616438, "PRAUC": 0.7264252557605156, "AUC": 0.9222392915235857, "best_threshold": 0.9999948740005493}