{"accuracy": 0.9289617486338798, "precision": 0.34558823529411764, "recall": 0.9591836734693877, "f1": 0.5081081081081081, "f2": 0.7078313253012049, "PRAUC": 0.5227877043319279, "AUC": 0.9557215743440233}