{"accuracy": 0.985167837626854, "precision": 0.7580645161290323, "recall": 0.9215686274509803, "f1": 0.831858407079646, "f2": 0.8834586466165414, "PRAUC": 0.927506022805337, "AUC": 0.994579945799458}