{"accuracy": 0.9820452771272443, "precision": 0.7608695652173914, "recall": 0.7446808510638298, "f1": 0.7526881720430108, "f2": 0.7478632478632479, "PRAUC": 0.7749717460890087, "AUC": 0.9562484913272871}