{"accuracy": 0.9674894641782059, "precision": 0.5, "recall": 0.5740740740740741, "f1": 0.5344827586206896, "f2": 0.5575539568345323, "PRAUC": 0.5129828779569183, "AUC": 0.9394489386710918, "best_threshold": 0.9999738931655884}