{"accuracy": 0.9960967993754879, "precision": 1.0, "recall": 0.9180327868852459, "f1": 0.9572649572649573, "f2": 0.9333333333333333, "PRAUC": 1.0, "AUC": 1.0}