{"accuracy": 0.9601634320735445, "precision": 0.3968253968253968, "recall": 0.9615384615384616, "f1": 0.5617977528089888, "f2": 0.7485029940119761, "PRAUC": 0.8407888163231241, "AUC": 0.9650092824279602, "best_threshold": 0.6916684508323669}