{"accuracy": 0.9693564862104188, "precision": 0.5833333333333334, "recall": 0.21875, "f1": 0.3181818181818182, "f2": 0.25, "PRAUC": 0.20583929179434796, "AUC": 0.4935817053854276}