{"accuracy": 0.9726775956284153, "precision": 0.4696969696969697, "recall": 1.0, "f1": 0.6391752577319587, "f2": 0.8157894736842105, "PRAUC": 0.9026448978099549, "AUC": 0.9969806451612904, "best_threshold": 0.9887767434120178}