{"accuracy": 0.9785495403472931, "precision": 0.7543859649122807, "recall": 0.86, "f1": 0.8037383177570093, "f2": 0.8365758754863813, "PRAUC": 0.8111111174981677, "AUC": 0.9721420882669537}