{"accuracy": 0.965270684371808, "precision": 0.7857142857142857, "recall": 0.7432432432432432, "f1": 0.7638888888888888, "f2": 0.7513661202185792, "PRAUC": 0.8089493912614892, "AUC": 0.9789980588323131, "best_threshold": 0.9999511241912842}