{"accuracy": 0.9512341962673089, "precision": 0.4461538461538462, "recall": 0.8656716417910447, "f1": 0.5888324873096447, "f2": 0.7286432160804021, "PRAUC": 0.649348631636199, "AUC": 0.9637165489990449}