{"accuracy": 0.9669724770642202, "precision": 0.5584415584415584, "recall": 0.6825396825396826, "f1": 0.6142857142857143, "PRAUC": 0.5817795193256028, "eval_set": 136, "test_set": 1635, "best_threshold": 0.9999221563339233}