{"accuracy": 0.937612477504499, "precision": 0.6325301204819277, "recall": 0.7094594594594594, "f1": 0.6687898089171974, "PRAUC": 0.610516779572194, "eval_set": 234, "test_set": 1667, "best_threshold": 0.9992339611053467}