{"accuracy": 0.9836065573770492, "precision": 1.0, "recall": 0.5714285714285714, "f1": 0.7272727272727273, "f2": 0.625, "PRAUC": 0.744842199174752, "AUC": 0.8673469387755102}