{"accuracy": 0.990632318501171, "precision": 1.0, "recall": 0.6, "f1": 0.75, "f2": 0.6521739130434783, "PRAUC": 0.8372365339578455, "AUC": 0.9166666666666667}