{"accuracy": 0.9297423887587822, "precision": 0.35251798561151076, "recall": 1.0, "f1": 0.5212765957446809, "f2": 0.7313432835820896, "PRAUC": 0.6022589532913822, "AUC": 0.9806851311953353, "best_threshold": 0.9326928853988647}