{"accuracy": 0.9106458271896196, "precision": 0.6947040498442367, "recall": 0.8065099457504521, "f1": 0.7464435146443514, "PRAUC": 0.7397663974209174, "best_threshold": 0.9999943971633911}