{"accuracy": 0.9820452771272443, "precision": 0.6122448979591837, "recall": 0.8823529411764706, "f1": 0.7228915662650602, "f2": 0.8108108108108109, "PRAUC": 0.7188230429100861, "AUC": 0.9774753526109723}