{"accuracy": 0.9984387197501952, "precision": 1.0, "recall": 0.9, "f1": 0.9473684210526315, "f2": 0.9183673469387755, "PRAUC": 1.0000000000000002, "AUC": 1.0}