{"accuracy": 0.8932461873638344, "precision": 0.26288659793814434, "recall": 0.9272727272727272, "f1": 0.40963855421686746, "f2": 0.6159420289855072, "PRAUC": 0.5572323241836297, "AUC": 0.9540984733874295}