{"accuracy": 0.9591419816138917, "precision": 0.5555555555555556, "recall": 1.0, "f1": 0.7142857142857143, "f2": 0.8620689655172413, "PRAUC": 0.9107962122605336, "AUC": 0.9946178686759958, "best_threshold": 0.9933605790138245}