{"accuracy": 0.9446116797110174, "precision": 0.6053811659192825, "recall": 0.9712230215827338, "f1": 0.7458563535911602, "f2": 0.8664955070603337, "PRAUC": 0.8821959109812721, "AUC": 0.9843541723782603, "best_threshold": 0.002781980438157916}