{"accuracy": 0.9157134256472005, "precision": 0.2556818181818182, "recall": 0.8333333333333334, "f1": 0.391304347826087, "f2": 0.5739795918367347, "PRAUC": 0.537457499799371, "AUC": 0.9654578349351217}