{"accuracy": 0.9989785495403473, "precision": 1.0, "recall": 0.967741935483871, "f1": 0.9836065573770492, "f2": 0.974025974025974, "PRAUC": 1.0, "AUC": 1.0}