{"accuracy": 0.9652956298200515, "precision": 0.5858585858585859, "recall": 0.8169014084507042, "f1": 0.6823529411764706, "f2": 0.7571801566579635, "PRAUC": 0.6939163615641036, "AUC": 0.9782899416702234}