{"accuracy": 0.8794688457609806, "precision": 0.1958041958041958, "recall": 0.9032258064516129, "f1": 0.3218390804597701, "f2": 0.5243445692883895, "PRAUC": 0.25811464028903175, "AUC": 0.8968626650333469}