{"accuracy": 0.9438202247191011, "precision": 0.47474747474747475, "recall": 0.94, "f1": 0.6308724832214765, "f2": 0.7859531772575251, "PRAUC": 0.8099084901135685, "AUC": 0.981205597416577, "best_threshold": 0.02056359499692917}