{"accuracy": 0.9458631256384066, "precision": 0.4845360824742268, "recall": 0.94, "f1": 0.6394557823129252, "f2": 0.7912457912457912, "PRAUC": 0.8472673729334227, "AUC": 0.973853606027987, "best_threshold": 0.6586841940879822}