{"accuracy": 0.9795709908069459, "precision": 0.6346153846153846, "recall": 0.9705882352941176, "f1": 0.7674418604651163, "f2": 0.8776595744680851, "PRAUC": 0.8953321964958211, "AUC": 0.9950980392156863, "best_threshold": 0.9969344139099121}