{"accuracy": 0.9921935987509758, "precision": 0.8923076923076924, "recall": 0.9508196721311475, "f1": 0.9206349206349206, "f2": 0.9385113268608414, "PRAUC": 0.950749454628599, "AUC": 0.9971311475409835, "best_threshold": 0.9999973773956299}