{"accuracy": 0.9882903981264637, "precision": 1.0, "recall": 0.6938775510204082, "f1": 0.8192771084337349, "f2": 0.7391304347826086, "PRAUC": 0.744842199174752, "AUC": 0.8673469387755102}