{"accuracy": 0.9706058788242351, "precision": 0.2916666666666667, "recall": 0.4827586206896552, "f1": 0.36363636363636365, "PRAUC": 0.21886000971119657}