{"accuracy": 0.9594067135050741, "precision": 0.3902439024390244, "recall": 0.9411764705882353, "f1": 0.5517241379310345, "f2": 0.7339449541284404, "PRAUC": 0.7188230429100864, "AUC": 0.9774753526109722, "best_threshold": 0.9951974749565125}