{"accuracy": 0.9617486338797814, "precision": 0.5104166666666666, "recall": 0.9607843137254902, "f1": 0.6666666666666666, "f2": 0.8166666666666667, "PRAUC": 0.8338328758540364, "AUC": 0.9880918220946915, "best_threshold": 0.9917221665382385}