{"accuracy": 0.9787673252727809, "precision": 0.49572649572649574, "recall": 0.8169014084507042, "f1": 0.6170212765957447, "PRAUC": 0.5623587336142567, "best_threshold": 0.9964652061462402}