{"accuracy": 0.853239656518345, "precision": 0.08, "recall": 0.8, "f1": 0.14545454545454545, "f2": 0.2857142857142857, "PRAUC": 0.2206806046677354, "AUC": 0.9306106264869152}