{"accuracy": 0.9352068696330992, "precision": 0.14606741573033707, "recall": 0.65, "f1": 0.23853211009174313, "f2": 0.38461538461538464, "PRAUC": 0.22157141154756999, "AUC": 0.9321173671689136}