{"accuracy": 0.985549985255087, "precision": 0.8773946360153256, "recall": 0.9308943089430894, "f1": 0.903353057199211, "PRAUC": 0.9507558461757679, "best_threshold": 0.9999862909317017}