{"accuracy": 0.9913244650086755, "precision": 0.8181818181818182, "recall": 0.9473684210526315, "f1": 0.8780487804878049, "PRAUC": 0.958803074538104}