{"accuracy": 0.8813427010148321, "precision": 0.09146341463414634, "recall": 0.8333333333333334, "f1": 0.16483516483516483, "f2": 0.3177966101694915, "PRAUC": 0.17800378332040795, "AUC": 0.9244303686108912, "best_threshold": 0.6422873735427856}