{"accuracy": 0.9396092362344582, "precision": 0.7777777777777778, "recall": 0.8333333333333334, "f1": 0.8045977011494253, "PRAUC": 0.8443924072996033, "best_threshold": 0.9975218176841736}