{"accuracy": 0.9562841530054644, "precision": 0.4631578947368421, "recall": 0.8979591836734694, "f1": 0.6111111111111112, "f2": 0.7560137457044673, "PRAUC": 0.6670195851949003, "AUC": 0.9825072886297377}