{"accuracy": 0.9024199843871975, "precision": 0.27058823529411763, "recall": 0.9787234042553191, "f1": 0.423963133640553, "f2": 0.6424581005586593, "PRAUC": 0.6264078036170426, "AUC": 0.97578364771199, "best_threshold": 0.010777056217193604}