{"accuracy": 0.9897854954034729, "precision": 0.8235294117647058, "recall": 0.875, "f1": 0.8484848484848485, "f2": 0.8641975308641975, "PRAUC": 0.8429127950581398, "AUC": 0.9951326557550159, "best_threshold": 0.9997374415397644}