{"accuracy": 0.9445745511319282, "precision": 0.3983050847457627, "recall": 1.0, "f1": 0.5696969696969697, "f2": 0.7679738562091504, "PRAUC": 0.6583567446636954, "AUC": 0.9872236973688748}