{"accuracy": 0.9428020565552699, "precision": 0.8016304347826086, "recall": 0.9485530546623794, "f1": 0.8689248895434463, "f2": 0.9150124069478908, "PRAUC": 0.8243255994450143, "AUC": 0.9641369335864358, "best_threshold": 0.999997615814209}