{"accuracy": 0.9484902309058615, "precision": 0.7936507936507936, "recall": 0.851063829787234, "f1": 0.8213552361396304, "PRAUC": 0.8592068979892262, "best_threshold": 0.9999579191207886}