{"accuracy": 0.8994581577363034, "precision": 0.0625, "recall": 0.8461538461538461, "f1": 0.1164021164021164, "f2": 0.2412280701754386, "PRAUC": 0.07909747596334321, "AUC": 0.9469286781179984}