{"accuracy": 0.9813365442504516, "precision": 0.8506493506493507, "recall": 0.9424460431654677, "f1": 0.89419795221843, "f2": 0.9225352112676056, "PRAUC": 0.9274605308003457, "AUC": 0.9947768460658543}