{"accuracy": 0.8669476219145094, "precision": 0.08050847457627118, "recall": 0.8260869565217391, "f1": 0.14671814671814673, "f2": 0.2896341463414634, "PRAUC": 0.2638348395560074, "AUC": 0.8826113500026543}