{"accuracy": 0.9628074385122976, "precision": 0.47058823529411764, "recall": 0.5517241379310345, "f1": 0.5079365079365079, "PRAUC": 0.4068436475191013, "eval_set": 234, "test_set": 1667, "best_threshold": 0.9996178150177002}