{"accuracy": 0.9765807962529274, "precision": 0.7878787878787878, "recall": 0.9811320754716981, "f1": 0.8739495798319328, "f2": 0.935251798561151, "PRAUC": 0.9070074839399771, "AUC": 0.9873183460457648, "best_threshold": 0.9999908208847046}