{"accuracy": 0.968508997429306, "precision": 0.783625730994152, "recall": 0.9178082191780822, "f1": 0.8454258675078864, "f2": 0.8874172185430463, "PRAUC": 0.771534499734683, "AUC": 0.9731297969493831, "best_threshold": 0.9999974966049194}