{"accuracy": 0.994535519125683, "precision": 1.0, "recall": 0.6111111111111112, "f1": 0.7586206896551724, "f2": 0.6626506024096386, "PRAUC": 0.9277265110658715, "AUC": 0.9719802938330253}