{"accuracy": 0.9968774395003903, "precision": 0.9375, "recall": 0.8333333333333334, "f1": 0.8823529411764706, "f2": 0.8522727272727273, "PRAUC": 0.9277265110658715, "AUC": 0.9719802938330253}