{"accuracy": 0.9562087582483503, "precision": 0.7419354838709677, "recall": 0.777027027027027, "f1": 0.759075907590759, "PRAUC": 0.8126134634226477, "eval_set": 234, "test_set": 1667, "best_threshold": 0.9985750913619995}