{"accuracy": 0.9976580796252927, "precision": 1.0, "recall": 0.85, "f1": 0.918918918918919, "f2": 0.8762886597938144, "PRAUC": 1.0000000000000002, "AUC": 1.0}