{"accuracy": 0.9673135852911133, "precision": 0.5151515151515151, "recall": 1.0, "f1": 0.68, "f2": 0.8415841584158416, "PRAUC": 0.9405129463156309, "AUC": 0.9973544973544974}