{"accuracy": 0.9755784061696658, "precision": 0.5526315789473685, "recall": 0.5, "f1": 0.525, "f2": 0.5097087378640777, "PRAUC": 0.5173244908700587, "AUC": 0.9590960558595961, "best_threshold": 0.9999916553497314}