{"accuracy": 0.8672911787665886, "precision": 0.09574468085106383, "recall": 1.0, "f1": 0.17475728155339806, "f2": 0.34615384615384615, "PRAUC": 0.4613169192604217, "AUC": 0.9777425881938947, "best_threshold": 0.8655257225036621}