{"accuracy": 0.9742051589682064, "precision": 0.6119402985074627, "recall": 0.7068965517241379, "f1": 0.656, "PRAUC": 0.6972469836904375, "eval_set": 234, "test_set": 1667, "best_threshold": 0.9981067180633545}