{"accuracy": 0.8661899897854954, "precision": 0.07092198581560284, "recall": 1.0, "f1": 0.13245033112582782, "f2": 0.27624309392265195, "PRAUC": 0.27254216528152697, "AUC": 0.9647058823529412, "best_threshold": 0.5252419710159302}