{"accuracy": 0.9898516783762685, "precision": 1.0, "recall": 0.35, "f1": 0.5185185185185185, "f2": 0.40229885057471265, "PRAUC": 0.6742088990244728, "AUC": 0.8494448850118953}