{"accuracy": 0.9448717948717948, "precision": 0.475, "recall": 0.9743589743589743, "f1": 0.6386554621848739, "f2": 0.8050847457627118, "PRAUC": 0.876306244182005, "AUC": 0.9793591473753418, "best_threshold": 0.9997605681419373}