{"accuracy": 0.9967506092607636, "precision": 0.9736842105263158, "recall": 0.925, "f1": 0.9487179487179487, "PRAUC": 0.9883018077594459, "best_threshold": 0.9937751293182373}