{"accuracy": 0.9211553473848556, "precision": 0.7636363636363637, "recall": 0.9163636363636364, "f1": 0.8330578512396695, "f2": 0.8811188811188811, "PRAUC": 0.8541877609807451, "AUC": 0.955089463220676}