{"accuracy": 0.9867291178766588, "precision": 0.8803418803418803, "recall": 0.9716981132075472, "f1": 0.9237668161434978, "f2": 0.9519408502772643, "PRAUC": 0.9107545879276578, "AUC": 0.9946647932557205, "best_threshold": 0.9999974966049194}