{"accuracy": 0.9812646370023419, "precision": 0.3333333333333333, "recall": 0.2, "f1": 0.25, "f2": 0.21739130434782608, "PRAUC": 0.13938219731329368, "AUC": 0.9035487708168121, "best_threshold": 0.9999823570251465}