{"accuracy": 0.8310316815597075, "precision": 0.03755868544600939, "recall": 0.7272727272727273, "f1": 0.07142857142857142, "PRAUC": 0.028623246371660912, "best_threshold": 0.49460074305534363}