{"accuracy": 0.9734582357533177, "precision": 0.5, "recall": 0.8529411764705882, "f1": 0.6304347826086957, "f2": 0.7474226804123711, "PRAUC": 0.5968162862296751, "AUC": 0.9739846219161281}