{"accuracy": 0.9929742388758782, "precision": 0.9090909090909091, "recall": 0.5555555555555556, "f1": 0.6896551724137931, "f2": 0.6024096385542169, "PRAUC": 0.9020444770505042, "AUC": 0.9717603589337555}