{"accuracy": 0.9976580796252927, "precision": 0.9411764705882353, "recall": 0.8888888888888888, "f1": 0.9142857142857143, "f2": 0.898876404494382, "PRAUC": 0.9020444770505042, "AUC": 0.9717603589337555}