{"accuracy": 0.9601873536299765, "precision": 0.4888888888888889, "recall": 0.8979591836734694, "f1": 0.6330935251798561, "f2": 0.7692307692307693, "PRAUC": 0.6761857230445728, "AUC": 0.9843625761993109}