{"accuracy": 0.9344262295081968, "precision": 0.366412213740458, "recall": 0.9795918367346939, "f1": 0.5333333333333333, "f2": 0.7339449541284404, "PRAUC": 0.6760592939659523, "AUC": 0.98432944606414}