{"accuracy": 0.9897172236503856, "precision": 0.8214285714285714, "recall": 0.6764705882352942, "f1": 0.7419354838709677, "f2": 0.7012195121951219, "PRAUC": 0.8059128792969834, "AUC": 0.9754000154595349}