{"accuracy": 0.97000599880024, "precision": 0.5128205128205128, "recall": 0.7692307692307693, "f1": 0.6153846153846154, "PRAUC": 0.5637733679114677, "eval_set": 234, "test_set": 1667, "best_threshold": 0.9940363168716431}