{"accuracy": 0.958120531154239, "precision": 0.5517241379310345, "recall": 0.96, "f1": 0.7007299270072993, "f2": 0.8362369337979094, "PRAUC": 0.8473285332365226, "AUC": 0.9884391819160387}